Domain,DomainLength,NumericSequence,NumericRatio,ConsoantRatio,StrangeCharacters,VowelRatio,SubdomainNumber,HasSPFInfo,LastUpdateDate,CreationDate,TXTDnsResponse
google.com,10,1.0,0.1,0.4,0.0,0.4,0.0,False,0.0,0.0,False
youtube.com,11,1.0,0.1,0.5,0.0,0.3,0.0,False,4.0,4.0,False
baidu.com,9,1.0,0.1,0.2,1.0,0.4,0.0,False,4.0,4.0,False
tmall.com,9,1.0,0.1,0.2,1.0,0.4,0.0,False,4.0,4.0,False
qq.com,6,2.0,0.3,0.5,0.0,0.0,0.0,False,4.0,0.0,False
taobao.com,10,1.0,0.1,0.4,0.0,0.4,0.0,False,0.0,0.0,False
sohu.com,8,1.0,0.1,0.5,0.0,0.2,0.0,False,4.0,4.0,False
facebook.com,12,1.0,0.1,0.5,0.0,0.3,0.0,True,4.0,0.0,True
amazon.com,10,1.0,0.1,0.4,0.0,0.4,0.0,False,0.0,0.0,False
yahoo.com,9,1.0,0.1,0.2,1.0,0.4,0.0,False,4.0,4.0,False
zoom.us,7,1.0,0.1,0.4,0.0,0.3,0.0,True,4.0,0.0,True
360.cn,6,2.0,0.3,0.5,0.0,0.0,0.0,False,4.0,0.0,False
jd.com,6,2.0,0.3,0.5,0.0,0.0,0.0,False,4.0,0.0,False
wikipedia.org,13,1.0,0.1,0.5,0.0,0.3,0.0,False,4.0,4.0,False
weibo.com,9,1.0,0.1,0.2,1.0,0.4,0.0,False,4.0,4.0,False
zhihu.com,9,1.0,0.1,0.2,1.0,0.4,0.0,False,4.0,4.0,False
sina.com.cn,11,1.0,0.1,0.5,0.0,0.3,0.0,False,4.0,4.0,False
live.com,8,1.0,0.1,0.5,0.0,0.2,0.0,False,4.0,4.0,False
microsoft.com,13,1.0,0.1,0.5,0.0,0.3,0.0,False,4.0,4.0,False
reddit.com,10,1.0,0.1,0.4,0.0,0.4,0.0,False,0.0,0.0,False
163.com,7,1.0,0.1,0.4,0.0,0.3,0.0,True,4.0,0.0,True
netflix.com,11,1.0,0.1,0.5,0.0,0.3,0.0,False,4.0,4.0,False
office.com,10,1.0,0.1,0.4,0.0,0.4,0.0,False,0.0,0.0,False
sogou.com,9,1.0,0.1,0.2,1.0,0.4,0.0,False,4.0,4.0,False
csdn.net,8,1.0,0.1,0.5,0.0,0.2,0.0,False,4.0,4.0,False
xinhuanet.com,13,1.0,0.1,0.5,0.0,0.3,0.0,False,4.0,4.0,False
okezone.com,11,1.0,0.1,0.5,0.0,0.3,0.0,False,4.0,4.0,False
vk.com,6,2.0,0.3,0.5,0.0,0.0,0.0,False,4.0,0.0,False
so.com,6,2.0,0.3,0.5,0.0,0.0,0.0,False,4.0,0.0,False
instagram.com,13,1.0,0.1,0.5,0.0,0.3,0.0,False,4.0,4.0,False
myshopify.com,13,1.0,0.1,0.5,0.0,0.3,0.0,False,4.0,4.0,False
microsoftonline.com,19,2.0,0.1,0.5,0.0,0.3,0.0,False,0.0,0.0,False
tianya.cn,9,1.0,0.1,0.2,1.0,0.4,0.0,False,4.0,4.0,False
alipay.com,10,1.0,0.1,0.4,0.0,0.4,0.0,False,0.0,0.0,False
google.com.hk,13,1.0,0.1,0.5,0.0,0.3,0.0,False,4.0,4.0,False
yahoo.co.jp,11,1.0,0.1,0.5,0.0,0.3,0.0,False,4.0,4.0,False
twitch.tv,9,1.0,0.1,0.2,1.0,0.4,0.0,False,4.0,4.0,False
apple.com,9,1.0,0.1,0.2,1.0,0.4,0.0,False,4.0,4.0,False
stackoverflow.com,17,2.0,0.1,0.5,0.0,0.2,0.0,False,4.0,4.0,False
adobe.com,9,1.0,0.1,0.2,1.0,0.4,0.0,False,4.0,4.0,False
bongacams.com,13,1.0,0.1,0.5,0.0,0.3,0.0,False,4.0,4.0,False
ebay.com,8,1.0,0.1,0.5,0.0,0.2,0.0,False,4.0,4.0,False
bing.com,8,1.0,0.1,0.5,0.0,0.2,0.0,False,4.0,4.0,False
bilibili.com,12,1.0,0.1,0.5,0.0,0.3,0.0,True,4.0,0.0,True
aliexpress.com,14,1.0,0.1,0.6,0.0,0.2,0.0,True,4.0,4.0,True
naver.com,9,1.0,0.1,0.2,1.0,0.4,0.0,False,4.0,4.0,False
panda.tv,8,1.0,0.1,0.5,0.0,0.2,0.0,False,4.0,4.0,False
amazon.in,9,1.0,0.1,0.2,1.0,0.4,0.0,False,4.0,4.0,False
zhanqi.tv,9,1.0,0.1,0.2,1.0,0.4,0.0,False,4.0,4.0,False
1688.com,8,1.0,0.1,0.5,0.0,0.2,0.0,False,4.0,4.0,False
soso.com,8,1.0,0.1,0.5,0.0,0.2,0.0,False,4.0,4.0,False
amazon.co.jp,12,1.0,0.1,0.5,0.0,0.3,0.0,True,4.0,0.0,True
tribunnews.com,14,1.0,0.1,0.6,0.0,0.2,0.0,True,4.0,4.0,True
chaturbate.com,14,1.0,0.1,0.6,0.0,0.2,0.0,True,4.0,4.0,True
twitter.com,11,1.0,0.1,0.5,0.0,0.3,0.0,False,4.0,4.0,False
linkedin.com,12,1.0,0.1,0.5,0.0,0.3,0.0,True,4.0,0.0,True
yandex.ru,9,1.0,0.1,0.2,1.0,0.4,0.0,False,4.0,4.0,False
etsy.com,8,1.0,0.1,0.5,0.0,0.2,0.0,False,4.0,4.0,False
msn.com,7,1.0,0.1,0.4,0.0,0.3,0.0,True,4.0,0.0,True
aparat.com,10,1.0,0.1,0.4,0.0,0.4,0.0,False,0.0,0.0,False
mail.ru,7,1.0,0.1,0.4,0.0,0.3,0.0,True,4.0,0.0,True
google.co.in,12,1.0,0.1,0.5,0.0,0.3,0.0,True,4.0,0.0,True
aliyun.com,10,1.0,0.1,0.4,0.0,0.4,0.0,False,0.0,0.0,False
instructure.com,15,2.0,0.1,0.7,0.0,0.1,0.0,False,0.0,0.0,False
wordpress.com,13,1.0,0.1,0.5,0.0,0.3,0.0,False,4.0,4.0,False
ok.ru,5,1.0,0.2,0.4,0.0,0.2,24.0,True,4.0,0.0,True
hao123.com,10,1.0,0.1,0.4,0.0,0.4,0.0,False,0.0,0.0,False
whatsapp.com,12,1.0,0.1,0.5,0.0,0.3,0.0,True,4.0,0.0,True
cdstm.cn,8,1.0,0.1,0.5,0.0,0.2,0.0,False,4.0,4.0,False
cnblogs.com,11,1.0,0.1,0.5,0.0,0.3,0.0,False,4.0,4.0,False
pornhub.com,11,1.0,0.1,0.5,0.0,0.3,0.0,False,4.0,4.0,False
google.com.br,13,1.0,0.1,0.5,0.0,0.3,0.0,False,4.0,4.0,False
amazonaws.com,13,1.0,0.1,0.5,0.0,0.3,0.0,False,4.0,4.0,False
rakuten.co.jp,13,1.0,0.1,0.5,0.0,0.3,0.0,False,4.0,4.0,False
chase.com,9,1.0,0.1,0.2,1.0,0.4,0.0,False,4.0,4.0,False
huanqiu.com,11,1.0,0.1,0.5,0.0,0.3,0.0,False,4.0,4.0,False
indeed.com,10,1.0,0.1,0.4,0.0,0.4,0.0,False,0.0,0.0,False
yy.com,6,2.0,0.3,0.5,0.0,0.0,0.0,False,4.0,0.0,False
alibaba.com,11,1.0,0.1,0.5,0.0,0.3,0.0,False,4.0,4.0,False
kompas.com,10,1.0,0.1,0.4,0.0,0.4,0.0,False,0.0,0.0,False
pchouse.com.cn,14,1.0,0.1,0.6,0.0,0.2,0.0,True,4.0,4.0,True
zoho.com,8,1.0,0.1,0.5,0.0,0.2,0.0,False,4.0,4.0,False
dedecms.com,11,1.0,0.1,0.5,0.0,0.3,0.0,False,4.0,4.0,False
cnn.com,7,1.0,0.1,0.4,0.0,0.3,0.0,True,4.0,0.0,True
google.co.jp,12,1.0,0.1,0.5,0.0,0.3,0.0,True,4.0,0.0,True
freepik.com,11,1.0,0.1,0.5,0.0,0.3,0.0,False,4.0,4.0,False
imdb.com,8,1.0,0.1,0.5,0.0,0.2,0.0,False,4.0,4.0,False
walmart.com,11,1.0,0.1,0.5,0.0,0.3,0.0,False,4.0,4.0,False
google.de,9,1.0,0.1,0.2,1.0,0.4,0.0,False,4.0,4.0,False
spotify.com,11,1.0,0.1,0.5,0.0,0.3,0.0,False,4.0,4.0,False
17ok.com,8,1.0,0.1,0.5,0.0,0.2,0.0,False,4.0,4.0,False
detik.com,9,1.0,0.1,0.2,1.0,0.4,0.0,False,4.0,4.0,False
alwafd.news,11,1.0,0.1,0.5,0.0,0.3,0.0,False,4.0,4.0,False
babytree.com,12,1.0,0.1,0.5,0.0,0.3,0.0,True,4.0,0.0,True
nytimes.com,11,1.0,0.1,0.5,0.0,0.3,0.0,False,4.0,4.0,False
okta.com,8,1.0,0.1,0.5,0.0,0.2,0.0,False,4.0,4.0,False
canva.com,9,1.0,0.1,0.2,1.0,0.4,0.0,False,4.0,4.0,False
amazon.co.uk,12,1.0,0.1,0.5,0.0,0.3,0.0,True,4.0,0.0,True
pikiran-rakyat.com,18,6.0,0.5,0.3,7.0,0.1,0.0,False,4.0,4.0,False
mama.cn,7,1.0,0.1,0.4,0.0,0.3,0.0,True,4.0,0.0,True
paypal.com,10,1.0,0.1,0.4,0.0,0.4,0.0,False,0.0,0.0,False
douban.com,10,1.0,0.1,0.4,0.0,0.4,0.0,False,0.0,0.0,False
google.cn,9,1.0,0.1,0.2,1.0,0.4,0.0,False,4.0,4.0,False
amazon.de,9,1.0,0.1,0.2,1.0,0.4,0.0,False,4.0,4.0,False
espn.com,8,1.0,0.1,0.5,0.0,0.2,0.0,False,4.0,4.0,False
xvideos.com,11,1.0,0.1,0.5,0.0,0.3,0.0,False,4.0,4.0,False
tradingview.com,15,2.0,0.1,0.7,0.0,0.1,0.0,False,0.0,0.0,False
bbc.com,7,1.0,0.1,0.4,0.0,0.3,0.0,True,4.0,0.0,True
tumblr.com,10,1.0,0.1,0.4,0.0,0.4,0.0,False,0.0,0.0,False
thestartmagazine.com,20,2.0,0.2,0.5,2.0,0.2,0.0,False,4.0,4.0,False
wetransfer.com,14,1.0,0.1,0.6,0.0,0.2,0.0,True,4.0,4.0,True
google.ru,9,1.0,0.1,0.2,1.0,0.4,0.0,False,4.0,4.0,False
dropbox.com,11,1.0,0.1,0.5,0.0,0.3,0.0,False,4.0,4.0,False
udemy.com,9,1.0,0.1,0.2,1.0,0.4,0.0,False,4.0,4.0,False
jrj.com.cn,10,1.0,0.1,0.4,0.0,0.4,0.0,False,0.0,0.0,False
visitbeijing.com.cn,19,2.0,0.1,0.5,0.0,0.3,0.0,False,0.0,0.0,False
stackexchange.com,17,2.0,0.1,0.5,0.0,0.2,0.0,False,4.0,4.0,False
zillow.com,10,1.0,0.1,0.4,0.0,0.4,0.0,False,0.0,0.0,False
haiwainet.cn,12,1.0,0.1,0.5,0.0,0.3,0.0,True,4.0,0.0,True
fandom.com,10,1.0,0.1,0.4,0.0,0.4,0.0,False,0.0,0.0,False
pixnet.net,10,1.0,0.1,0.4,0.0,0.4,0.0,False,0.0,0.0,False
ettoday.net,11,1.0,0.1,0.5,0.0,0.3,0.0,False,4.0,4.0,False
bestbuy.com,11,1.0,0.1,0.5,0.0,0.3,0.0,False,4.0,4.0,False
tiktok.com,10,1.0,0.1,0.4,0.0,0.4,0.0,False,0.0,0.0,False
roblox.com,10,1.0,0.1,0.4,0.0,0.4,0.0,False,0.0,0.0,False
google.es,9,1.0,0.1,0.2,1.0,0.4,0.0,False,4.0,4.0,False
ups.com,7,1.0,0.1,0.4,0.0,0.3,0.0,True,4.0,0.0,True
livejasmin.com,14,1.0,0.1,0.6,0.0,0.2,0.0,True,4.0,4.0,True
padlet.com,10,1.0,0.1,0.4,0.0,0.4,0.0,False,0.0,0.0,False
grammarly.com,13,1.0,0.1,0.5,0.0,0.3,0.0,False,4.0,4.0,False
nih.gov,7,1.0,0.1,0.4,0.0,0.3,0.0,True,4.0,0.0,True
usps.com,8,1.0,0.1,0.5,0.0,0.2,0.0,False,4.0,4.0,False
github.com,10,1.0,0.1,0.4,0.0,0.4,0.0,False,0.0,0.0,False
niuche.com,10,1.0,0.1,0.4,0.0,0.4,0.0,False,0.0,0.0,False
ilovepdf.com,12,1.0,0.1,0.5,0.0,0.3,0.0,True,4.0,0.0,True
quizlet.com,11,1.0,0.1,0.5,0.0,0.3,0.0,False,4.0,4.0,False
google.it,9,1.0,0.1,0.2,1.0,0.4,0.0,False,4.0,4.0,False
soundcloud.com,14,1.0,0.1,0.6,0.0,0.2,0.0,True,4.0,4.0,True
shutterstock.com,16,1.0,0.1,0.6,0.0,0.3,0.0,False,4.0,4.0,False
google.fr,9,1.0,0.1,0.2,1.0,0.4,0.0,False,4.0,4.0,False
google.com.sg,13,1.0,0.1,0.5,0.0,0.3,0.0,False,4.0,4.0,False
pinterest.com,13,1.0,0.1,0.5,0.0,0.3,0.0,False,4.0,4.0,False
salesforce.com,14,1.0,0.1,0.6,0.0,0.2,0.0,True,4.0,4.0,True
onlinesbi.com,13,1.0,0.1,0.5,0.0,0.3,0.0,False,4.0,4.0,False
cncn.org.cn,11,1.0,0.1,0.5,0.0,0.3,0.0,False,4.0,4.0,False
xhamster.com,12,1.0,0.1,0.5,0.0,0.3,0.0,True,4.0,0.0,True
bbc.co.uk,9,1.0,0.1,0.2,1.0,0.4,0.0,False,4.0,4.0,False
b2b.cn,6,2.0,0.3,0.5,0.0,0.0,0.0,False,4.0,0.0,False
savefrom.net,12,1.0,0.1,0.5,0.0,0.3,0.0,True,4.0,0.0,True
amazon.ca,9,1.0,0.1,0.2,1.0,0.4,0.0,False,4.0,4.0,False
booking.com,11,1.0,0.1,0.5,0.0,0.3,0.0,False,4.0,4.0,False
google.com.tw,13,1.0,0.1,0.5,0.0,0.3,0.0,False,4.0,4.0,False
wix.com,7,1.0,0.1,0.4,0.0,0.3,0.0,True,4.0,0.0,True
jianshu.com,11,1.0,0.1,0.5,0.0,0.3,0.0,False,4.0,4.0,False
vimeo.com,9,1.0,0.1,0.2,1.0,0.4,0.0,False,4.0,4.0,False
daum.net,8,1.0,0.1,0.5,0.0,0.2,0.0,False,4.0,4.0,False
godaddy.com,11,1.0,0.1,0.5,0.0,0.3,0.0,False,4.0,4.0,False
theguardian.com,15,2.0,0.1,0.7,0.0,0.1,0.0,False,0.0,0.0,False
gome.com.cn,11,1.0,0.1,0.5,0.0,0.3,0.0,False,4.0,4.0,False
fedex.com,9,1.0,0.1,0.2,1.0,0.4,0.0,False,4.0,4.0,False
digikala.com,12,1.0,0.1,0.5,0.0,0.3,0.0,True,4.0,0.0,True
researchgate.net,16,1.0,0.1,0.6,0.0,0.3,0.0,False,4.0,4.0,False
speedtest.net,13,1.0,0.1,0.5,0.0,0.3,0.0,False,4.0,4.0,False
foodmate.net,12,1.0,0.1,0.5,0.0,0.3,0.0,True,4.0,0.0,True
wkzuche.com,11,1.0,0.1,0.5,0.0,0.3,0.0,False,4.0,4.0,False
bet9ja.com,10,1.0,0.1,0.4,0.0,0.4,0.0,False,0.0,0.0,False
liputan6.com,12,1.0,0.1,0.5,0.0,0.3,0.0,True,4.0,0.0,True
iqiyi.com,9,1.0,0.1,0.2,1.0,0.4,0.0,False,4.0,4.0,False
6.cn,4,1.0,0.2,0.5,0.0,0.0,0.0,True,4.0,4.0,True
wellsfargo.com,14,1.0,0.1,0.6,0.0,0.2,0.0,True,4.0,4.0,True
chinaz.com,10,1.0,0.1,0.4,0.0,0.4,0.0,False,0.0,0.0,False
healthline.com,14,1.0,0.1,0.6,0.0,0.2,0.0,True,4.0,4.0,True
sysu.edu.cn,11,1.0,0.1,0.5,0.0,0.3,0.0,False,4.0,4.0,False
google.co.uk,12,1.0,0.1,0.5,0.0,0.3,0.0,True,4.0,0.0,True
unsplash.com,12,1.0,0.1,0.5,0.0,0.3,0.0,True,4.0,0.0,True
cnet.com,8,1.0,0.1,0.5,0.0,0.2,0.0,False,4.0,4.0,False
force.com,9,1.0,0.1,0.2,1.0,0.4,0.0,False,4.0,4.0,False
smallpdf.com,12,1.0,0.1,0.5,0.0,0.3,0.0,True,4.0,0.0,True
slideshare.net,14,1.0,0.1,0.6,0.0,0.2,0.0,True,4.0,4.0,True
grid.id,7,1.0,0.1,0.4,0.0,0.3,0.0,True,4.0,0.0,True
target.com,10,1.0,0.1,0.4,0.0,0.4,0.0,False,0.0,0.0,False
youm7.com,9,1.0,0.1,0.2,1.0,0.4,0.0,False,4.0,4.0,False
varzesh3.com,12,1.0,0.1,0.5,0.0,0.3,0.0,True,4.0,0.0,True
chouftv.ma,10,1.0,0.1,0.4,0.0,0.4,0.0,False,0.0,0.0,False
washingtonpost.com,18,6.0,0.5,0.3,7.0,0.1,0.0,False,4.0,4.0,False
eastday.com,11,1.0,0.1,0.5,0.0,0.3,0.0,False,4.0,4.0,False
tokopedia.com,13,1.0,0.1,0.5,0.0,0.3,0.0,False,4.0,4.0,False
google.com.mx,13,1.0,0.1,0.5,0.0,0.3,0.0,False,4.0,4.0,False
archive.org,11,1.0,0.1,0.5,0.0,0.3,0.0,False,4.0,4.0,False
momoshop.com.tw,15,2.0,0.1,0.7,0.0,0.1,0.0,False,0.0,0.0,False
line.me,7,1.0,0.1,0.4,0.0,0.3,0.0,True,4.0,0.0,True
craigslist.org,14,1.0,0.1,0.6,0.0,0.2,0.0,True,4.0,4.0,True
telegram.org,12,1.0,0.1,0.5,0.0,0.3,0.0,True,4.0,0.0,True
hebei.com.cn,12,1.0,0.1,0.5,0.0,0.3,0.0,True,4.0,0.0,True
avito.ru,8,1.0,0.1,0.5,0.0,0.2,0.0,False,4.0,4.0,False
forbes.com,10,1.0,0.1,0.4,0.0,0.4,0.0,False,0.0,0.0,False
webex.com,9,1.0,0.1,0.2,1.0,0.4,0.0,False,4.0,4.0,False
cnbc.com,8,1.0,0.1,0.5,0.0,0.2,0.0,False,4.0,4.0,False
amazon.fr,9,1.0,0.1,0.2,1.0,0.4,0.0,False,4.0,4.0,False
w3schools.com,13,1.0,0.1,0.5,0.0,0.3,0.0,False,4.0,4.0,False
busstrade.com,13,1.0,0.1,0.5,0.0,0.3,0.0,False,4.0,4.0,False
pexels.com,10,1.0,0.1,0.4,0.0,0.4,0.0,False,0.0,0.0,False
hdfcbank.com,12,1.0,0.1,0.5,0.0,0.3,0.0,True,4.0,0.0,True
btbu.edu.cn,11,1.0,0.1,0.5,0.0,0.3,0.0,False,4.0,4.0,False
ccmsa.com.cn,12,1.0,0.1,0.5,0.0,0.3,0.0,True,4.0,0.0,True
businessinsider.com,19,2.0,0.1,0.5,0.0,0.3,0.0,False,0.0,0.0,False
mediafire.com,13,1.0,0.1,0.5,0.0,0.3,0.0,False,4.0,4.0,False
rednet.cn,9,1.0,0.1,0.2,1.0,0.4,0.0,False,4.0,4.0,False
ebay.de,7,1.0,0.1,0.4,0.0,0.3,0.0,True,4.0,0.0,True
investing.com,13,1.0,0.1,0.5,0.0,0.3,0.0,False,4.0,4.0,False
google.com.tr,13,1.0,0.1,0.5,0.0,0.3,0.0,False,4.0,4.0,False
skype.com,9,1.0,0.1,0.2,1.0,0.4,0.0,False,4.0,4.0,False
lazada.sg,9,1.0,0.1,0.2,1.0,0.4,0.0,False,4.0,4.0,False
tistory.com,11,1.0,0.1,0.5,0.0,0.3,0.0,False,4.0,4.0,False
setn.com,8,1.0,0.1,0.5,0.0,0.2,0.0,False,4.0,4.0,False
amazon.it,9,1.0,0.1,0.2,1.0,0.4,0.0,False,4.0,4.0,False
jpnn.com,8,1.0,0.1,0.5,0.0,0.2,0.0,False,4.0,4.0,False
viva.co.id,10,1.0,0.1,0.4,0.0,0.4,0.0,False,0.0,0.0,False
zerodha.com,11,1.0,0.1,0.5,0.0,0.3,0.0,False,4.0,4.0,False
zdface.com,10,1.0,0.1,0.4,0.0,0.4,0.0,False,0.0,0.0,False
amazon.cn,9,1.0,0.1,0.2,1.0,0.4,0.0,False,4.0,4.0,False
tencent.com,11,1.0,0.1,0.5,0.0,0.3,0.0,False,4.0,4.0,False
google.ca,9,1.0,0.1,0.2,1.0,0.4,0.0,False,4.0,4.0,False
39.net,6,2.0,0.3,0.5,0.0,0.0,0.0,False,4.0,0.0,False
mercadolivre.com.br,19,2.0,0.1,0.5,0.0,0.3,0.0,False,0.0,0.0,False
capitalone.com,14,1.0,0.1,0.6,0.0,0.2,0.0,True,4.0,4.0,True
metropoles.com,14,1.0,0.1,0.6,0.0,0.2,0.0,True,4.0,4.0,True
deepl.com,9,1.0,0.1,0.2,1.0,0.4,0.0,False,4.0,4.0,False
sindonews.com,13,1.0,0.1,0.5,0.0,0.3,0.0,False,4.0,4.0,False
chess.com,9,1.0,0.1,0.2,1.0,0.4,0.0,False,4.0,4.0,False
behance.net,11,1.0,0.1,0.5,0.0,0.3,0.0,False,4.0,4.0,False
foxnews.com,11,1.0,0.1,0.5,0.0,0.3,0.0,False,4.0,4.0,False
kumparan.com,12,1.0,0.1,0.5,0.0,0.3,0.0,True,4.0,0.0,True
homedepot.com,13,1.0,0.1,0.5,0.0,0.3,0.0,False,4.0,4.0,False
investopedia.com,16,1.0,0.1,0.6,0.0,0.3,0.0,False,4.0,4.0,False
telewebion.com,14,1.0,0.1,0.6,0.0,0.2,0.0,True,4.0,4.0,True
merdeka.com,11,1.0,0.1,0.5,0.0,0.3,0.0,False,4.0,4.0,False
hulu.com,8,1.0,0.1,0.5,0.0,0.2,0.0,False,4.0,4.0,False
bukalapak.com,13,1.0,0.1,0.5,0.0,0.3,0.0,False,4.0,4.0,False
amazon.es,9,1.0,0.1,0.2,1.0,0.4,0.0,False,4.0,4.0,False
ikea.com,8,1.0,0.1,0.5,0.0,0.2,0.0,False,4.0,4.0,False
suara.com,9,1.0,0.1,0.2,1.0,0.4,0.0,False,4.0,4.0,False
discord.com,11,1.0,0.1,0.5,0.0,0.3,0.0,False,4.0,4.0,False
duckduckgo.com,14,1.0,0.1,0.6,0.0,0.2,0.0,True,4.0,4.0,True
uol.com.br,10,1.0,0.1,0.4,0.0,0.4,0.0,False,0.0,0.0,False
t.me,4,1.0,0.2,0.5,0.0,0.0,0.0,True,4.0,4.0,True
y2mate.com,10,1.0,0.1,0.4,0.0,0.4,0.0,False,0.0,0.0,False
idntimes.com,12,1.0,0.1,0.5,0.0,0.3,0.0,True,4.0,0.0,True
flipkart.com,12,1.0,0.1,0.5,0.0,0.3,0.0,True,4.0,0.0,True
googlevideo.com,15,2.0,0.1,0.7,0.0,0.1,0.0,False,0.0,0.0,False
amazon.com.mx,13,1.0,0.1,0.5,0.0,0.3,0.0,False,4.0,4.0,False
xnxx.com,8,1.0,0.1,0.5,0.0,0.2,0.0,False,4.0,4.0,False
runoob.com,10,1.0,0.1,0.4,0.0,0.4,0.0,False,0.0,0.0,False
icicibank.com,13,1.0,0.1,0.5,0.0,0.3,0.0,False,4.0,4.0,False
namnak.com,10,1.0,0.1,0.4,0.0,0.4,0.0,False,0.0,0.0,False
eastmoney.com,13,1.0,0.1,0.5,0.0,0.3,0.0,False,4.0,4.0,False
google.com.ar,13,1.0,0.1,0.5,0.0,0.3,0.0,False,4.0,4.0,False
aliexpress.ru,13,1.0,0.1,0.5,0.0,0.3,0.0,False,4.0,4.0,False
gosuslugi.ru,12,1.0,0.1,0.5,0.0,0.3,0.0,True,4.0,0.0,True
chegg.com,9,1.0,0.1,0.2,1.0,0.4,0.0,False,4.0,4.0,False
taboola.com,11,1.0,0.1,0.5,0.0,0.3,0.0,False,4.0,4.0,False
wikihow.com,11,1.0,0.1,0.5,0.0,0.3,0.0,False,4.0,4.0,False
mercadolibre.com.mx,19,2.0,0.1,0.5,0.0,0.3,0.0,False,0.0,0.0,False
t.co,4,1.0,0.2,0.5,0.0,0.0,0.0,True,4.0,4.0,True
nicovideo.jp,12,1.0,0.1,0.5,0.0,0.3,0.0,True,4.0,0.0,True
51sole.com,10,1.0,0.1,0.4,0.0,0.4,0.0,False,0.0,0.0,False
disneyplus.com,14,1.0,0.1,0.6,0.0,0.2,0.0,True,4.0,4.0,True
breitbart.com,13,1.0,0.1,0.5,0.0,0.3,0.0,False,4.0,4.0,False
ca.gov,6,2.0,0.3,0.5,0.0,0.0,0.0,False,4.0,0.0,False
360doc.com,10,1.0,0.1,0.4,0.0,0.4,0.0,False,0.0,0.0,False
mozilla.org,11,1.0,0.1,0.5,0.0,0.3,0.0,False,4.0,4.0,False
google.com.sa,13,1.0,0.1,0.5,0.0,0.3,0.0,False,4.0,4.0,False
youdao.com,10,1.0,0.1,0.4,0.0,0.4,0.0,False,0.0,0.0,False
hupu.com,8,1.0,0.1,0.5,0.0,0.2,0.0,False,4.0,4.0,False
thesaurus.com,13,1.0,0.1,0.5,0.0,0.3,0.0,False,4.0,4.0,False
shimo.im,8,1.0,0.1,0.5,0.0,0.2,0.0,False,4.0,4.0,False
shaparak.ir,11,1.0,0.1,0.5,0.0,0.3,0.0,False,4.0,4.0,False
globo.com,9,1.0,0.1,0.2,1.0,0.4,0.0,False,4.0,4.0,False
ebay.co.uk,10,1.0,0.1,0.4,0.0,0.4,0.0,False,0.0,0.0,False
squarespace.com,15,2.0,0.1,0.7,0.0,0.1,0.0,False,0.0,0.0,False
weebly.com,10,1.0,0.1,0.4,0.0,0.4,0.0,False,0.0,0.0,False
hootsuite.com,13,1.0,0.1,0.5,0.0,0.3,0.0,False,4.0,4.0,False
51.la,5,1.0,0.2,0.4,0.0,0.2,24.0,True,4.0,0.0,True
google.co.th,12,1.0,0.1,0.5,0.0,0.3,0.0,True,4.0,0.0,True
wildberries.ru,14,1.0,0.1,0.6,0.0,0.2,0.0,True,4.0,4.0,True
ask.com,7,1.0,0.1,0.4,0.0,0.3,0.0,True,4.0,0.0,True
114la.com,9,1.0,0.1,0.2,1.0,0.4,0.0,False,4.0,4.0,False
blackboard.com,14,1.0,0.1,0.6,0.0,0.2,0.0,True,4.0,4.0,True
redd.it,7,1.0,0.1,0.4,0.0,0.3,0.0,True,4.0,0.0,True
samsung.com,11,1.0,0.1,0.5,0.0,0.3,0.0,False,4.0,4.0,False
worldometers.info,17,2.0,0.1,0.5,0.0,0.2,0.0,False,4.0,4.0,False
airbnb.com,10,1.0,0.1,0.4,0.0,0.4,0.0,False,0.0,0.0,False
manoramaonline.com,18,6.0,0.5,0.3,7.0,0.1,0.0,False,4.0,4.0,False
glassdoor.com,13,1.0,0.1,0.5,0.0,0.3,0.0,False,4.0,4.0,False
medium.com,10,1.0,0.1,0.4,0.0,0.4,0.0,False,0.0,0.0,False
wsj.com,7,1.0,0.1,0.4,0.0,0.3,0.0,True,4.0,0.0,True
google.pl,9,1.0,0.1,0.2,1.0,0.4,0.0,False,4.0,4.0,False
mercadolibre.com.ar,19,2.0,0.1,0.5,0.0,0.3,0.0,False,0.0,0.0,False
trustpilot.com,14,1.0,0.1,0.6,0.0,0.2,0.0,True,4.0,4.0,True
brilio.net,10,1.0,0.1,0.4,0.0,0.4,0.0,False,0.0,0.0,False
sou300.com,10,1.0,0.1,0.4,0.0,0.4,0.0,False,0.0,0.0,False
moneycontrol.com,16,1.0,0.1,0.6,0.0,0.3,0.0,False,4.0,4.0,False
scribd.com,10,1.0,0.1,0.4,0.0,0.4,0.0,False,0.0,0.0,False
myworkday.com,13,1.0,0.1,0.5,0.0,0.3,0.0,False,4.0,4.0,False
bloomberg.com,13,1.0,0.1,0.5,0.0,0.3,0.0,False,4.0,4.0,False
orange.fr,9,1.0,0.1,0.2,1.0,0.4,0.0,False,4.0,4.0,False
hp.com,6,2.0,0.3,0.5,0.0,0.0,0.0,False,4.0,0.0,False
primevideo.com,14,1.0,0.1,0.6,0.0,0.2,0.0,True,4.0,4.0,True
allegro.pl,10,1.0,0.1,0.4,0.0,0.4,0.0,False,0.0,0.0,False
realtor.com,11,1.0,0.1,0.5,0.0,0.3,0.0,False,4.0,4.0,False
google.com.eg,13,1.0,0.1,0.5,0.0,0.3,0.0,False,4.0,4.0,False
ifeng.com,9,1.0,0.1,0.2,1.0,0.4,0.0,False,4.0,4.0,False
cloudfront.net,14,1.0,0.1,0.6,0.0,0.2,0.0,True,4.0,4.0,True
ameritrade.com,14,1.0,0.1,0.6,0.0,0.2,0.0,True,4.0,4.0,True
coursera.org,12,1.0,0.1,0.5,0.0,0.3,0.0,True,4.0,0.0,True
geeksforgeeks.org,17,2.0,0.1,0.5,0.0,0.2,0.0,False,4.0,4.0,False
figma.com,9,1.0,0.1,0.2,1.0,0.4,0.0,False,4.0,4.0,False
patch.com,9,1.0,0.1,0.2,1.0,0.4,0.0,False,4.0,4.0,False
wayfair.com,11,1.0,0.1,0.5,0.0,0.3,0.0,False,4.0,4.0,False
oschina.net,11,1.0,0.1,0.5,0.0,0.3,0.0,False,4.0,4.0,False
trello.com,10,1.0,0.1,0.4,0.0,0.4,0.0,False,0.0,0.0,False
reverso.net,11,1.0,0.1,0.5,0.0,0.3,0.0,False,4.0,4.0,False
iqbroker.com,12,1.0,0.1,0.5,0.0,0.3,0.0,True,4.0,0.0,True
bet365.com,10,1.0,0.1,0.4,0.0,0.4,0.0,False,0.0,0.0,False
pinimg.com,10,1.0,0.1,0.4,0.0,0.4,0.0,False,0.0,0.0,False
dailymail.co.uk,15,2.0,0.1,0.7,0.0,0.1,0.0,False,0.0,0.0,False
360.com,7,1.0,0.1,0.4,0.0,0.3,0.0,True,4.0,0.0,True
shopee.tw,9,1.0,0.1,0.2,1.0,0.4,0.0,False,4.0,4.0,False
istockphoto.com,15,2.0,0.1,0.7,0.0,0.1,0.0,False,0.0,0.0,False
theepochtimes.com,17,2.0,0.1,0.5,0.0,0.2,0.0,False,4.0,4.0,False
madrasati.sa,12,1.0,0.1,0.5,0.0,0.3,0.0,True,4.0,0.0,True
qoo10.sg,8,1.0,0.1,0.5,0.0,0.2,0.0,False,4.0,4.0,False
goodreads.com,13,1.0,0.1,0.5,0.0,0.3,0.0,False,4.0,4.0,False
dailymotion.com,15,2.0,0.1,0.7,0.0,0.1,0.0,False,0.0,0.0,False
sciencedirect.com,17,2.0,0.1,0.5,0.0,0.2,0.0,False,4.0,4.0,False
ladbible.com,12,1.0,0.1,0.5,0.0,0.3,0.0,True,4.0,0.0,True
heavy.com,9,1.0,0.1,0.2,1.0,0.4,0.0,False,4.0,4.0,False
rt.com,6,2.0,0.3,0.5,0.0,0.0,0.0,False,4.0,0.0,False
smzdm.com,9,1.0,0.1,0.2,1.0,0.4,0.0,False,4.0,4.0,False
nike.com,8,1.0,0.1,0.5,0.0,0.2,0.0,False,4.0,4.0,False
rakuten.com,11,1.0,0.1,0.5,0.0,0.3,0.0,False,4.0,4.0,False
fiverr.com,10,1.0,0.1,0.4,0.0,0.4,0.0,False,0.0,0.0,False
ebay-kleinanzeigen.de,21,2.0,0.1,0.5,0.0,0.3,0.0,False,4.0,4.0,False
surveymonkey.com,16,1.0,0.1,0.6,0.0,0.3,0.0,False,4.0,4.0,False
twimg.com,9,1.0,0.1,0.2,1.0,0.4,0.0,False,4.0,4.0,False
sberbank.ru,11,1.0,0.1,0.5,0.0,0.3,0.0,False,4.0,4.0,False
hotstar.com,11,1.0,0.1,0.5,0.0,0.3,0.0,False,4.0,4.0,False
costco.com,10,1.0,0.1,0.4,0.0,0.4,0.0,False,0.0,0.0,False
macys.com,9,1.0,0.1,0.2,1.0,0.4,0.0,False,4.0,4.0,False
adp.com,7,1.0,0.1,0.4,0.0,0.3,0.0,True,4.0,0.0,True
zendesk.com,11,1.0,0.1,0.5,0.0,0.3,0.0,False,4.0,4.0,False
indiatimes.com,14,1.0,0.1,0.6,0.0,0.2,0.0,True,4.0,4.0,True
patria.org.ve,13,1.0,0.1,0.5,0.0,0.3,0.0,False,4.0,4.0,False
docusign.net,12,1.0,0.1,0.5,0.0,0.3,0.0,True,4.0,0.0,True
google.co.id,12,1.0,0.1,0.5,0.0,0.3,0.0,True,4.0,0.0,True
proiezionidiborsa.it,20,2.0,0.2,0.5,2.0,0.2,0.0,False,4.0,4.0,False
douyu.com,9,1.0,0.1,0.2,1.0,0.4,0.0,False,4.0,4.0,False
jb51.net,8,1.0,0.1,0.5,0.0,0.2,0.0,False,4.0,4.0,False
ouedkniss.com,13,1.0,0.1,0.5,0.0,0.3,0.0,False,4.0,4.0,False
wixsite.com,11,1.0,0.1,0.5,0.0,0.3,0.0,False,4.0,4.0,False
wikimedia.org,13,1.0,0.1,0.5,0.0,0.3,0.0,False,4.0,4.0,False
softonic.com,12,1.0,0.1,0.5,0.0,0.3,0.0,True,4.0,0.0,True
weather.com,11,1.0,0.1,0.5,0.0,0.3,0.0,False,4.0,4.0,False
dell.com,8,1.0,0.1,0.5,0.0,0.2,0.0,False,4.0,4.0,False
apple.com.cn,12,1.0,0.1,0.5,0.0,0.3,0.0,True,4.0,0.0,True
gmx.net,7,1.0,0.1,0.4,0.0,0.3,0.0,True,4.0,0.0,True
naukri.com,10,1.0,0.1,0.4,0.0,0.4,0.0,False,0.0,0.0,False
aizhan.com,10,1.0,0.1,0.4,0.0,0.4,0.0,False,0.0,0.0,False
fast.com,8,1.0,0.1,0.5,0.0,0.2,0.0,False,4.0,4.0,False
rctiplus.com,12,1.0,0.1,0.5,0.0,0.3,0.0,True,4.0,0.0,True
cambridge.org,13,1.0,0.1,0.5,0.0,0.3,0.0,False,4.0,4.0,False
58.com,6,2.0,0.3,0.5,0.0,0.0,0.0,False,4.0,0.0,False
wordpress.org,13,1.0,0.1,0.5,0.0,0.3,0.0,False,4.0,4.0,False
fc2.com,7,1.0,0.1,0.4,0.0,0.3,0.0,True,4.0,0.0,True
ensonhaber.com,14,1.0,0.1,0.6,0.0,0.2,0.0,True,4.0,4.0,True
linktr.ee,9,1.0,0.1,0.2,1.0,0.4,0.0,False,4.0,4.0,False
abs-cbn.com,11,1.0,0.1,0.5,0.0,0.3,0.0,False,4.0,4.0,False
kakao.com,9,1.0,0.1,0.2,1.0,0.4,0.0,False,4.0,4.0,False
youporn.com,11,1.0,0.1,0.5,0.0,0.3,0.0,False,4.0,4.0,False
rambler.ru,10,1.0,0.1,0.4,0.0,0.4,0.0,False,0.0,0.0,False
namu.wiki,9,1.0,0.1,0.2,1.0,0.4,0.0,False,4.0,4.0,False
dbs.com.sg,10,1.0,0.1,0.4,0.0,0.4,0.0,False,0.0,0.0,False
remove.bg,9,1.0,0.1,0.2,1.0,0.4,0.0,False,4.0,4.0,False
nvidia.com,10,1.0,0.1,0.4,0.0,0.4,0.0,False,0.0,0.0,False
shopee.co.id,12,1.0,0.1,0.5,0.0,0.3,0.0,True,4.0,0.0,True
web.de,6,2.0,0.3,0.5,0.0,0.0,0.0,False,4.0,0.0,False
kapanlagi.com,13,1.0,0.1,0.5,0.0,0.3,0.0,False,4.0,4.0,False
youku.com,9,1.0,0.1,0.2,1.0,0.4,0.0,False,4.0,4.0,False
patreon.com,11,1.0,0.1,0.5,0.0,0.3,0.0,False,4.0,4.0,False
ebc.net.tw,10,1.0,0.1,0.4,0.0,0.4,0.0,False,0.0,0.0,False
blogger.com,11,1.0,0.1,0.5,0.0,0.3,0.0,False,4.0,4.0,False
thegatewaypundit.com,20,2.0,0.2,0.5,2.0,0.2,0.0,False,4.0,4.0,False
razorpay.com,12,1.0,0.1,0.5,0.0,0.3,0.0,True,4.0,0.0,True
spankbang.com,13,1.0,0.1,0.5,0.0,0.3,0.0,False,4.0,4.0,False
eba.gov.tr,10,1.0,0.1,0.4,0.0,0.4,0.0,False,0.0,0.0,False
oracle.com,10,1.0,0.1,0.4,0.0,0.4,0.0,False,0.0,0.0,False
schwab.com,10,1.0,0.1,0.4,0.0,0.4,0.0,False,0.0,0.0,False
fool.com,8,1.0,0.1,0.5,0.0,0.2,0.0,False,4.0,4.0,False
aol.com,7,1.0,0.1,0.4,0.0,0.3,0.0,True,4.0,0.0,True
dhl.com,7,1.0,0.1,0.4,0.0,0.3,0.0,True,4.0,0.0,True
google.com.ua,13,1.0,0.1,0.5,0.0,0.3,0.0,False,4.0,4.0,False
emofid.com,10,1.0,0.1,0.4,0.0,0.4,0.0,False,0.0,0.0,False
cnnindonesia.com,16,1.0,0.1,0.6,0.0,0.3,0.0,False,4.0,4.0,False
gamepedia.com,13,1.0,0.1,0.5,0.0,0.3,0.0,False,4.0,4.0,False
doubleclick.net,15,2.0,0.1,0.7,0.0,0.1,0.0,False,0.0,0.0,False
slack.com,9,1.0,0.1,0.2,1.0,0.4,0.0,False,4.0,4.0,False
9gag.com,8,1.0,0.1,0.5,0.0,0.2,0.0,False,4.0,4.0,False
elbalad.news,12,1.0,0.1,0.5,0.0,0.3,0.0,True,4.0,0.0,True
wish.com,8,1.0,0.1,0.5,0.0,0.2,0.0,False,4.0,4.0,False
xfinity.com,11,1.0,0.1,0.5,0.0,0.3,0.0,False,4.0,4.0,False
coursehero.com,14,1.0,0.1,0.6,0.0,0.2,0.0,True,4.0,4.0,True
bbcollab.com,12,1.0,0.1,0.5,0.0,0.3,0.0,True,4.0,0.0,True
thepiratebay.org,16,1.0,0.1,0.6,0.0,0.3,0.0,False,4.0,4.0,False
verizon.com,11,1.0,0.1,0.5,0.0,0.3,0.0,False,4.0,4.0,False
note.com,8,1.0,0.1,0.5,0.0,0.2,0.0,False,4.0,4.0,False
banvenez.com,12,1.0,0.1,0.5,0.0,0.3,0.0,True,4.0,0.0,True
onlyfans.com,12,1.0,0.1,0.5,0.0,0.3,0.0,True,4.0,0.0,True
wowhead.com,11,1.0,0.1,0.5,0.0,0.3,0.0,False,4.0,4.0,False
umeng.com,9,1.0,0.1,0.2,1.0,0.4,0.0,False,4.0,4.0,False
uchi.ru,7,1.0,0.1,0.4,0.0,0.3,0.0,True,4.0,0.0,True
td.com,6,2.0,0.3,0.5,0.0,0.0,0.0,False,4.0,0.0,False
schoology.com,13,1.0,0.1,0.5,0.0,0.3,0.0,False,4.0,4.0,False
sportbible.com,14,1.0,0.1,0.6,0.0,0.2,0.0,True,4.0,4.0,True
vidio.com,9,1.0,0.1,0.2,1.0,0.4,0.0,False,4.0,4.0,False
vnexpress.net,13,1.0,0.1,0.5,0.0,0.3,0.0,False,4.0,4.0,False
usatoday.com,12,1.0,0.1,0.5,0.0,0.3,0.0,True,4.0,0.0,True
canada.ca,9,1.0,0.1,0.2,1.0,0.4,0.0,False,4.0,4.0,False
quora.com,9,1.0,0.1,0.2,1.0,0.4,0.0,False,4.0,4.0,False
tsetmc.com,10,1.0,0.1,0.4,0.0,0.4,0.0,False,0.0,0.0,False
videocampaign.co,16,1.0,0.1,0.6,0.0,0.3,0.0,False,4.0,4.0,False
feedly.com,10,1.0,0.1,0.4,0.0,0.4,0.0,False,0.0,0.0,False
webmd.com,9,1.0,0.1,0.2,1.0,0.4,0.0,False,4.0,4.0,False
donya-e-eqtesad.com,19,2.0,0.1,0.5,0.0,0.3,0.0,False,0.0,0.0,False
hurriyet.com.tr,15,2.0,0.1,0.7,0.0,0.1,0.0,False,0.0,0.0,False
constantcontact.com,19,2.0,0.1,0.5,0.0,0.3,0.0,False,0.0,0.0,False
alodokter.com,13,1.0,0.1,0.5,0.0,0.3,0.0,False,4.0,4.0,False
goo.ne.jp,9,1.0,0.1,0.2,1.0,0.4,0.0,False,4.0,4.0,False
ebay.com.au,11,1.0,0.1,0.5,0.0,0.3,0.0,False,4.0,4.0,False
in.gr,5,1.0,0.2,0.4,0.0,0.2,24.0,True,4.0,0.0,True
beytoote.com,12,1.0,0.1,0.5,0.0,0.3,0.0,True,4.0,0.0,True
citi.com,8,1.0,0.1,0.5,0.0,0.2,0.0,False,4.0,4.0,False
npr.org,7,1.0,0.1,0.4,0.0,0.3,0.0,True,4.0,0.0,True
namasha.com,11,1.0,0.1,0.5,0.0,0.3,0.0,False,4.0,4.0,False
sina.cn,7,1.0,0.1,0.4,0.0,0.3,0.0,True,4.0,0.0,True
qualtrics.com,13,1.0,0.1,0.5,0.0,0.3,0.0,False,4.0,4.0,False
etoro.com,9,1.0,0.1,0.2,1.0,0.4,0.0,False,4.0,4.0,False
att.com,7,1.0,0.1,0.4,0.0,0.3,0.0,True,4.0,0.0,True
akamaized.net,13,1.0,0.1,0.5,0.0,0.3,0.0,False,4.0,4.0,False
inquirer.net,12,1.0,0.1,0.5,0.0,0.3,0.0,True,4.0,0.0,True
mofidonline.com,15,2.0,0.1,0.7,0.0,0.1,0.0,False,0.0,0.0,False
turkiye.gov.tr,14,1.0,0.1,0.6,0.0,0.2,0.0,True,4.0,4.0,True
google.com.au,13,1.0,0.1,0.5,0.0,0.3,0.0,False,4.0,4.0,False
academia.edu,12,1.0,0.1,0.5,0.0,0.3,0.0,True,4.0,0.0,True
agah.com,8,1.0,0.1,0.5,0.0,0.2,0.0,False,4.0,4.0,False
toutiao.com,11,1.0,0.1,0.5,0.0,0.3,0.0,False,4.0,4.0,False
bankofamerica.com,17,2.0,0.1,0.5,0.0,0.2,0.0,False,4.0,4.0,False
ozon.ru,7,1.0,0.1,0.4,0.0,0.3,0.0,True,4.0,0.0,True
mailchimp.com,13,1.0,0.1,0.5,0.0,0.3,0.0,False,4.0,4.0,False
cnbeta.com,10,1.0,0.1,0.4,0.0,0.4,0.0,False,0.0,0.0,False
slickdeals.net,14,1.0,0.1,0.6,0.0,0.2,0.0,True,4.0,4.0,True
myworkdayjobs.com,17,2.0,0.1,0.5,0.0,0.2,0.0,False,4.0,4.0,False
newegg.com,10,1.0,0.1,0.4,0.0,0.4,0.0,False,0.0,0.0,False
huaban.com,10,1.0,0.1,0.4,0.0,0.4,0.0,False,0.0,0.0,False
kundelik.kz,11,1.0,0.1,0.5,0.0,0.3,0.0,False,4.0,4.0,False
kohls.com,9,1.0,0.1,0.2,1.0,0.4,0.0,False,4.0,4.0,False
aajtak.in,9,1.0,0.1,0.2,1.0,0.4,0.0,False,4.0,4.0,False
issuu.com,9,1.0,0.1,0.2,1.0,0.4,0.0,False,4.0,4.0,False
messenger.com,13,1.0,0.1,0.5,0.0,0.3,0.0,False,4.0,4.0,False
shopee.com.my,13,1.0,0.1,0.5,0.0,0.3,0.0,False,4.0,4.0,False
36kr.com,8,1.0,0.1,0.5,0.0,0.2,0.0,False,4.0,4.0,False
atharori.net,12,1.0,0.1,0.5,0.0,0.3,0.0,True,4.0,0.0,True
wordreference.com,17,2.0,0.1,0.5,0.0,0.2,0.0,False,4.0,4.0,False
intuit.com,10,1.0,0.1,0.4,0.0,0.4,0.0,False,0.0,0.0,False
gismeteo.ru,11,1.0,0.1,0.5,0.0,0.3,0.0,False,4.0,4.0,False
gamersky.com,12,1.0,0.1,0.5,0.0,0.3,0.0,True,4.0,0.0,True
bitbucket.org,13,1.0,0.1,0.5,0.0,0.3,0.0,False,4.0,4.0,False
google.ro,9,1.0,0.1,0.2,1.0,0.4,0.0,False,4.0,4.0,False
genius.com,10,1.0,0.1,0.4,0.0,0.4,0.0,False,0.0,0.0,False
marca.com,9,1.0,0.1,0.2,1.0,0.4,0.0,False,4.0,4.0,False
mit.edu,7,1.0,0.1,0.4,0.0,0.3,0.0,True,4.0,0.0,True
bisnis.com,10,1.0,0.1,0.4,0.0,0.4,0.0,False,0.0,0.0,False
nikkei.com,10,1.0,0.1,0.4,0.0,0.4,0.0,False,0.0,0.0,False
alnaharegypt.com,16,1.0,0.1,0.6,0.0,0.3,0.0,False,4.0,4.0,False
google.com.vn,13,1.0,0.1,0.5,0.0,0.3,0.0,False,4.0,4.0,False
livejournal.com,15,2.0,0.1,0.7,0.0,0.1,0.0,False,0.0,0.0,False
op.gg,5,1.0,0.2,0.4,0.0,0.2,24.0,True,4.0,0.0,True
rediff.com,10,1.0,0.1,0.4,0.0,0.4,0.0,False,0.0,0.0,False
coupang.com,11,1.0,0.1,0.5,0.0,0.3,0.0,False,4.0,4.0,False
xueqiu.com,10,1.0,0.1,0.4,0.0,0.4,0.0,False,0.0,0.0,False
ninisite.com,12,1.0,0.1,0.5,0.0,0.3,0.0,True,4.0,0.0,True
google.gr,9,1.0,0.1,0.2,1.0,0.4,0.0,False,4.0,4.0,False
cnnic.cn,8,1.0,0.1,0.5,0.0,0.2,0.0,False,4.0,4.0,False
tandfonline.com,15,2.0,0.1,0.7,0.0,0.1,0.0,False,0.0,0.0,False
storage.googleapis.com,22,2.0,0.1,0.5,0.0,0.3,0.0,False,4.0,4.0,False
powerbi.com,11,1.0,0.1,0.5,0.0,0.3,0.0,False,4.0,4.0,False
tutorialspoint.com,18,6.0,0.5,0.3,7.0,0.1,0.0,False,4.0,4.0,False
filimo.com,10,1.0,0.1,0.4,0.0,0.4,0.0,False,0.0,0.0,False
incometaxindiaefiling.gov.in,28,2.0,0.2,0.4,4.0,0.4,0.0,False,4.0,4.0,False
mfisp.com,9,1.0,0.1,0.2,1.0,0.4,0.0,False,4.0,4.0,False
mathrubhumi.com,15,2.0,0.1,0.7,0.0,0.1,0.0,False,0.0,0.0,False
6xzxsw3sokvg1tc752y1a6p0af.com,30,0.0,0.0,0.5,0.0,0.4,0.0,True,0.0,0.0,True
glbtlxwwhbnpxs.ru,17,0.0,0.0,0.5,0.0,0.4,0.0,True,4.0,0.0,True
xxmamopyipbfpk.ru,17,0.0,0.0,0.5,0.0,0.4,0.0,True,4.0,0.0,True
zfd5szpi18i85wj9uy13l69rg.net,29,1.0,0.0,0.6,0.0,0.3,0.0,False,0.0,0.0,False
jpqftymiuver.ru,15,0.0,0.0,0.5,1.0,0.3,0.0,False,0.0,0.0,False
takenroll.net,13,1.0,0.2,0.6,1.0,0.1,0.0,False,0.0,0.0,False
vrrtneoswsds.ru,15,0.0,0.0,0.5,1.0,0.3,0.0,False,0.0,0.0,False
mzapiwbcsbqiyxnlxa1hprx8n.com,29,1.0,0.0,0.6,0.0,0.3,0.0,False,0.0,0.0,False
xkoihiygtanuio.ru,17,0.0,0.0,0.5,0.0,0.4,0.0,True,4.0,0.0,True
dreamdont.net,13,1.0,0.2,0.6,1.0,0.1,0.0,False,0.0,0.0,False
visitshot.net,13,1.0,0.2,0.6,1.0,0.1,0.0,False,0.0,0.0,False
lpeespobepdxy.ru,16,0.0,0.0,0.6,0.0,0.4,0.0,False,0.0,0.0,False
wcsdwvdbpimqg.ru,16,0.0,0.0,0.6,0.0,0.4,0.0,False,0.0,0.0,False
rcdqeqmpxgdiuqombhuwcfu.ru,26,5.0,0.2,0.5,5.0,0.2,0.0,False,1.0,0.0,False
cmkrdurmtrhjylp.ru,18,0.0,0.0,0.6,0.0,0.3,0.0,False,4.0,4.0,False
plsibgabyyjbjc.ru,17,0.0,0.0,0.5,0.0,0.4,0.0,True,4.0,0.0,True
qrnafqrigldcjaa.ru,18,0.0,0.0,0.6,0.0,0.3,0.0,False,4.0,4.0,False
n3m4txqpb6a415iwzkrmdzgk6.com,29,1.0,0.0,0.6,0.0,0.3,0.0,False,0.0,0.0,False
1rw1pc44mkxp4qjx18qua26.net,27,2.0,0.1,0.6,1.0,0.2,0.0,False,0.0,0.0,False
itpkkibmmxao.ru,15,0.0,0.0,0.5,1.0,0.3,0.0,False,0.0,0.0,False
putisrswuvpk.ru,15,0.0,0.0,0.5,1.0,0.3,0.0,False,0.0,0.0,False
1x75xo41t4fno51wc86e1y4s13d.net,31,0.0,0.0,0.6,1.0,0.3,0.0,False,0.0,0.0,False
mostjune.net,12,0.0,0.0,0.5,0.0,0.4,0.0,False,0.0,0.0,False
1y6oppp7k3pwfpo2sfmkloyxa.biz,29,1.0,0.0,0.6,0.0,0.3,0.0,False,0.0,0.0,False
kctkokkiiavumpq.ru,18,0.0,0.0,0.6,0.0,0.3,0.0,False,4.0,4.0,False
dtfbtfrobxlle.ru,16,0.0,0.0,0.6,0.0,0.4,0.0,False,0.0,0.0,False
fairslow.net,12,0.0,0.0,0.5,0.0,0.4,0.0,False,0.0,0.0,False
sfmbdpnijlarq.cc,16,0.0,0.0,0.6,0.0,0.4,0.0,False,0.0,0.0,False
vdqqfdcax.im,12,0.0,0.0,0.5,0.0,0.4,0.0,False,0.0,0.0,False
svwivgcgkbgt.ru,15,0.0,0.0,0.5,1.0,0.3,0.0,False,0.0,0.0,False
1t5fkef5u26di8wtme9ezjamn.com,29,1.0,0.0,0.6,0.0,0.3,0.0,False,0.0,0.0,False
bfxfbdutaessry.ru,17,0.0,0.0,0.5,0.0,0.4,0.0,True,4.0,0.0,True
aedwiugahlyv.ru,15,0.0,0.0,0.5,1.0,0.3,0.0,False,0.0,0.0,False
njtvrfhfaklho.sc,16,0.0,0.0,0.6,0.0,0.4,0.0,False,0.0,0.0,False
qulohywkisgu.org,16,0.0,0.0,0.6,0.0,0.4,0.0,False,0.0,0.0,False
14ua4ir7rwqzv15mes59zpel1a.net,30,0.0,0.0,0.5,0.0,0.4,0.0,True,0.0,0.0,True
130qnn0srp6su1bosz2z19gx1a7.net,31,0.0,0.0,0.6,1.0,0.3,0.0,False,0.0,0.0,False
wawft814u5se21tmptb51yy47q2.org,31,0.0,0.0,0.6,1.0,0.3,0.0,False,0.0,0.0,False
by86yc1p7f81d1tb5g7h1el8t9k.org,31,0.0,0.0,0.6,1.0,0.3,0.0,False,0.0,0.0,False
jxnpnxdgmunsxah.ru,18,0.0,0.0,0.6,0.0,0.3,0.0,False,4.0,4.0,False
triedlady.net,13,1.0,0.2,0.6,1.0,0.1,0.0,False,0.0,0.0,False
hrbikrmyoxueqd.ru,17,0.0,0.0,0.5,0.0,0.4,0.0,True,4.0,0.0,True
jlkoy1mddlu81htl8cu13phhqf.org,30,0.0,0.0,0.5,0.0,0.4,0.0,True,0.0,0.0,True
xgcfrfatrutueho.co.uk,21,0.0,0.0,0.6,0.0,0.3,0.0,False,0.0,0.0,False
fnbxw68p8e2l9qeq531wp37f2.com,29,1.0,0.0,0.6,0.0,0.3,0.0,False,0.0,0.0,False
movemarch.net,13,1.0,0.2,0.6,1.0,0.1,0.0,False,0.0,0.0,False
1y363y8izjhuol3ym91wdpdqr.biz,29,1.0,0.0,0.6,0.0,0.3,0.0,False,0.0,0.0,False
dejectaxtsumvws.ru,18,0.0,0.0,0.6,0.0,0.3,0.0,False,4.0,4.0,False
x3rv4x124bm7s1ik7tqi1tiwojo.biz,31,0.0,0.0,0.6,1.0,0.3,0.0,False,0.0,0.0,False
10z55t9lizwjo1ymilos13w3q69.com,31,0.0,0.0,0.6,1.0,0.3,0.0,False,0.0,0.0,False
drinkusual.net,14,0.0,0.0,0.5,0.0,0.4,0.0,True,4.0,0.0,True
emdwdmjkrnflp.ru,16,0.0,0.0,0.6,0.0,0.4,0.0,False,0.0,0.0,False
jrxrovxkbemgqutopblbbfe.ru,26,5.0,0.2,0.5,5.0,0.2,0.0,False,1.0,0.0,False
hsmcnwof.mx,11,0.0,0.0,0.5,0.0,0.5,0.0,False,0.0,0.0,False
1qkqxw21tgtfmw1bib3b9ccgacn.org,31,0.0,0.0,0.6,1.0,0.3,0.0,False,0.0,0.0,False
dixnzhelzukwsojfxuivlamadu.ru,29,1.0,0.0,0.6,0.0,0.3,0.0,False,0.0,0.0,False
adtimdfqeitl.info,17,0.0,0.0,0.5,0.0,0.4,0.0,True,4.0,0.0,True
mcedlrfqaqjcypqwhmio.de,23,0.0,0.0,0.6,0.0,0.3,0.0,False,0.0,0.0,False
vjidtkoywixjlb.ru,17,0.0,0.0,0.5,0.0,0.4,0.0,True,4.0,0.0,True
dlnvsflboujy.ru,15,0.0,0.0,0.5,1.0,0.3,0.0,False,0.0,0.0,False
1h0lw6219iy6moq1sc6lt5lpwg.net,30,0.0,0.0,0.5,0.0,0.4,0.0,True,0.0,0.0,True
1b798o1tq8fpp1kegata1djbflv.com,31,0.0,0.0,0.6,1.0,0.3,0.0,False,0.0,0.0,False
wpplovoekprxh.ru,16,0.0,0.0,0.6,0.0,0.4,0.0,False,0.0,0.0,False
xmkrdivvpvtektxuvy.xxx,22,0.0,0.0,0.5,0.0,0.4,0.0,False,0.0,0.0,False
1asn83b1bxcccz1emrj1mjxrrip.org,31,0.0,0.0,0.6,1.0,0.3,0.0,False,0.0,0.0,False
1m6kynyott35x196hh0av9i9wp.com,30,0.0,0.0,0.5,0.0,0.4,0.0,True,0.0,0.0,True
pueak3118xdgo1wlhwgkyd9isl.com,30,0.0,0.0,0.5,0.0,0.4,0.0,True,0.0,0.0,True
vmkeexjfralx.ru,15,0.0,0.0,0.5,1.0,0.3,0.0,False,0.0,0.0,False
xjjbxjdgkfnkd.ru,16,0.0,0.0,0.6,0.0,0.4,0.0,False,0.0,0.0,False
kxajlryrvkrlye.ru,17,0.0,0.0,0.5,0.0,0.4,0.0,True,4.0,0.0,True
1i6b4hpzzeklu1pzbwwnit1f6u.com,30,0.0,0.0,0.5,0.0,0.4,0.0,True,0.0,0.0,True
nyvccjxpemjku.ru,16,0.0,0.0,0.6,0.0,0.4,0.0,False,0.0,0.0,False
jhetmkyytswih.ru,16,0.0,0.0,0.6,0.0,0.4,0.0,False,0.0,0.0,False
oudaunswdtmys.ru,16,0.0,0.0,0.6,0.0,0.4,0.0,False,0.0,0.0,False
1y2v376b2osnc1h8g0dslymlk4.biz,30,0.0,0.0,0.5,0.0,0.4,0.0,True,0.0,0.0,True
intjkdhpisjj.ru,15,0.0,0.0,0.5,1.0,0.3,0.0,False,0.0,0.0,False
doturvftbvaup.co.uk,19,0.0,0.0,0.6,1.0,0.3,0.0,False,4.0,0.0,True
1h6c78615v2p7011v5exrvg0xow.org,31,0.0,0.0,0.6,1.0,0.3,0.0,False,0.0,0.0,False
iz2gkk1tgvjkw1tg5ndslxhk9.biz,29,1.0,0.0,0.6,0.0,0.3,0.0,False,0.0,0.0,False
dnulqjbjbqmc.ru,15,0.0,0.0,0.5,1.0,0.3,0.0,False,0.0,0.0,False
1a3xhheejnlur1cvdab0o4cpmv.org,30,0.0,0.0,0.5,0.0,0.4,0.0,True,0.0,0.0,True
audgrtrcdysyu.ru,16,0.0,0.0,0.6,0.0,0.4,0.0,False,0.0,0.0,False
lmwaodqeyximw.ru,16,0.0,0.0,0.6,0.0,0.4,0.0,False,0.0,0.0,False
caseought.net,13,1.0,0.2,0.6,1.0,0.1,0.0,False,0.0,0.0,False
ydhmbyhgypnkdpzcymnnjxcalfm.ru,30,0.0,0.0,0.5,0.0,0.4,0.0,True,0.0,0.0,True
enjsbygdpjrj.co.uk,18,0.0,0.0,0.6,0.0,0.3,0.0,False,4.0,4.0,False
takenshoe.net,13,1.0,0.2,0.6,1.0,0.1,0.0,False,0.0,0.0,False
17257kh12e03dd1h9icgx1nhwnhk.biz,32,0.0,0.0,0.6,1.0,0.3,0.0,False,0.0,0.0,False
mjkgbcajyq.com,14,0.0,0.0,0.5,0.0,0.4,0.0,True,4.0,0.0,True
f0gqslflbdmv17d3s771kek004.org,30,0.0,0.0,0.5,0.0,0.4,0.0,True,0.0,0.0,True
xgvfdxjlqc.ru,13,1.0,0.2,0.6,1.0,0.1,0.0,False,0.0,0.0,False
1a2wym5vfcyip1he4icp1dl0w69.com,31,0.0,0.0,0.6,1.0,0.3,0.0,False,0.0,0.0,False
umficyzdvcdpzbalvdmkjjvcm.ru,28,0.0,0.0,0.5,0.0,0.4,0.0,False,0.0,0.0,False
nvueycjulvsxvld.ru,18,0.0,0.0,0.6,0.0,0.3,0.0,False,4.0,4.0,False
1ylnnx51mig0lh1krkxjwrzq7fc.net,31,0.0,0.0,0.6,1.0,0.3,0.0,False,0.0,0.0,False
ztscylhitkplaemfiuxcubozmr.ru,29,1.0,0.0,0.6,0.0,0.3,0.0,False,0.0,0.0,False
mryumfsrfabwje.ru,17,0.0,0.0,0.5,0.0,0.4,0.0,True,4.0,0.0,True
gjjnhpllbgns.ru,15,0.0,0.0,0.5,1.0,0.3,0.0,False,0.0,0.0,False
1pn01qj5mlzog1o4r0su16b3rkw.com,31,0.0,0.0,0.6,1.0,0.3,0.0,False,0.0,0.0,False
38cs2p1wl54jbqxoafp1x5ahoq.net,30,0.0,0.0,0.5,0.0,0.4,0.0,True,0.0,0.0,True
dreamfind.net,13,1.0,0.2,0.6,1.0,0.1,0.0,False,0.0,0.0,False
xbgtjxurjvrk.biz,16,0.0,0.0,0.6,0.0,0.4,0.0,False,0.0,0.0,False
yhqwcsrfcthq.ru,15,0.0,0.0,0.5,1.0,0.3,0.0,False,0.0,0.0,False
8k6oo37xwwpwyp7iovdduz2b.com,28,0.0,0.0,0.5,0.0,0.4,0.0,False,0.0,0.0,False
gcshsqxovcma.ru,15,0.0,0.0,0.5,1.0,0.3,0.0,False,0.0,0.0,False
gftetponlgocityfeps.de,22,0.0,0.0,0.5,0.0,0.4,0.0,False,0.0,0.0,False
lpgtkmwtdvstyow.ru,18,0.0,0.0,0.6,0.0,0.3,0.0,False,4.0,4.0,False
vdgslndsowqag.ru,16,0.0,0.0,0.6,0.0,0.4,0.0,False,0.0,0.0,False
hmhmqmlwuuikqp.ru,17,0.0,0.0,0.5,0.0,0.4,0.0,True,4.0,0.0,True
uhjruympodvhxpc.ru,18,0.0,0.0,0.6,0.0,0.3,0.0,False,4.0,4.0,False
udwxobiyuvpg.ru,15,0.0,0.0,0.5,1.0,0.3,0.0,False,0.0,0.0,False
levfpxseobomr.ru,16,0.0,0.0,0.6,0.0,0.4,0.0,False,0.0,0.0,False
o23f0k1laqo8mnuev51iptq5u.com,29,1.0,0.0,0.6,0.0,0.3,0.0,False,0.0,0.0,False
1vkzpiccr9xcu1w5y852uqk5jy.biz,30,0.0,0.0,0.5,0.0,0.4,0.0,True,0.0,0.0,True
lolrdlackhskb.ru,16,0.0,0.0,0.6,0.0,0.4,0.0,False,0.0,0.0,False
popmewjorcnkjci.ru,18,0.0,0.0,0.6,0.0,0.3,0.0,False,4.0,4.0,False
imxdwdscghyqtik.ru,18,0.0,0.0,0.6,0.0,0.3,0.0,False,4.0,4.0,False
nmtixemfvcqg.ru,15,0.0,0.0,0.5,1.0,0.3,0.0,False,0.0,0.0,False
1002ra86698fjpgqke1cdvbk5.org,29,1.0,0.0,0.6,0.0,0.3,0.0,False,0.0,0.0,False
madpxhvetwmds.ru,16,0.0,0.0,0.6,0.0,0.4,0.0,False,0.0,0.0,False
1e5qax488e163secwpo1d8tqhr.com,30,0.0,0.0,0.5,0.0,0.4,0.0,True,0.0,0.0,True
zrwqtha1cc5r1y95tzz10jm134.org,30,0.0,0.0,0.5,0.0,0.4,0.0,True,0.0,0.0,True
hmlzvbopfkrgaztrsdexgjbgageon.ru,32,0.0,0.0,0.6,1.0,0.3,0.0,False,0.0,0.0,False
r0w7il7kzxyst08flb8ajv4c.net,28,0.0,0.0,0.5,0.0,0.4,0.0,False,0.0,0.0,False
nhtcrhnvtrhkat.ru,17,0.0,0.0,0.5,0.0,0.4,0.0,True,4.0,0.0,True
1vbfpcp1w1famctytruk1ff9hqp.biz,31,0.0,0.0,0.6,1.0,0.3,0.0,False,0.0,0.0,False
pfvttkzllvxnvgiobbejbayuolj.ru,30,0.0,0.0,0.5,0.0,0.4,0.0,True,0.0,0.0,True
stlmxiety29s1ncspk91tr2n7s.org,30,0.0,0.0,0.5,0.0,0.4,0.0,True,0.0,0.0,True
npvleeqrxjbyhrstdk.net,22,0.0,0.0,0.5,0.0,0.4,0.0,False,0.0,0.0,False
atbayewmbguhetk.net,19,0.0,0.0,0.6,1.0,0.3,0.0,False,4.0,0.0,True
xgbmgvfkwdutt.ru,16,0.0,0.0,0.6,0.0,0.4,0.0,False,0.0,0.0,False
1i84mkadxg1xtu2e5h1av2jf2.org,29,1.0,0.0,0.6,0.0,0.3,0.0,False,0.0,0.0,False
lbsqwvbolhlrw.ru,16,0.0,0.0,0.6,0.0,0.4,0.0,False,0.0,0.0,False
ofurndllkdvj.ru,15,0.0,0.0,0.5,1.0,0.3,0.0,False,0.0,0.0,False
lrnbqspjuuchnflvovrtolvpvy.ru,29,1.0,0.0,0.6,0.0,0.3,0.0,False,0.0,0.0,False
pqugaygdoiytswr.ru,18,0.0,0.0,0.6,0.0,0.3,0.0,False,4.0,4.0,False
wifelate.net,12,0.0,0.0,0.5,0.0,0.4,0.0,False,0.0,0.0,False
ileeiaexahaawgxfpenxj.org,25,0.0,0.0,0.5,0.0,0.4,0.0,False,4.0,0.0,False
ckwjfwcrumipo.ru,16,0.0,0.0,0.6,0.0,0.4,0.0,False,0.0,0.0,False
1yetgvhw117f914sqwe7qosku.net,29,1.0,0.0,0.6,0.0,0.3,0.0,False,0.0,0.0,False
bv16rv1wwtnif1fhiix21t305ur.net,31,0.0,0.0,0.6,1.0,0.3,0.0,False,0.0,0.0,False
qcrcnzfmxcaqtfyjzcypscdxtts.ru,30,0.0,0.0,0.5,0.0,0.4,0.0,True,0.0,0.0,True
sxcvfqgfynmcvd.net,18,0.0,0.0,0.6,0.0,0.3,0.0,False,4.0,4.0,False
lrhtgsjhcolbgpo.ru,18,0.0,0.0,0.6,0.0,0.3,0.0,False,4.0,4.0,False
v4ycl0ulckr81t2s8yo1i98bbu.biz,30,0.0,0.0,0.5,0.0,0.4,0.0,True,0.0,0.0,True
ntpibablqrfox.ru,16,0.0,0.0,0.6,0.0,0.4,0.0,False,0.0,0.0,False
nuhldialngeyt.net,17,0.0,0.0,0.5,0.0,0.4,0.0,True,4.0,0.0,True
yaeiovmkmssxyim.ru,18,0.0,0.0,0.6,0.0,0.3,0.0,False,4.0,4.0,False
drbtqmwcopxl.ru,15,0.0,0.0,0.5,1.0,0.3,0.0,False,0.0,0.0,False
svkufcsnqfup.ru,15,0.0,0.0,0.5,1.0,0.3,0.0,False,0.0,0.0,False
k1gr1s1z034in17mijfg1rbc8q.net,30,0.0,0.0,0.5,0.0,0.4,0.0,True,0.0,0.0,True
lzkrkvhehiskobwgwovoydmug.ru,28,0.0,0.0,0.5,0.0,0.4,0.0,False,0.0,0.0,False
buhgahqnrivvsormvaikrgpkjlu.ru,30,0.0,0.0,0.5,0.0,0.4,0.0,True,0.0,0.0,True
tlst1xe6b3kp3apbm81l9p28y.biz,29,1.0,0.0,0.6,0.0,0.3,0.0,False,0.0,0.0,False
nkfcqpaamfidyk.ru,17,0.0,0.0,0.5,0.0,0.4,0.0,True,4.0,0.0,True
yfcjwloujkcmil.biz,18,0.0,0.0,0.6,0.0,0.3,0.0,False,4.0,4.0,False
wlunqsqoyoiuih.ru,17,0.0,0.0,0.5,0.0,0.4,0.0,True,4.0,0.0,True
1polo0zbtpeiiochrv61t6h5bn.com,30,0.0,0.0,0.5,0.0,0.4,0.0,True,0.0,0.0,True
1czvanpcohoma19lek4d1m064cw.org,31,0.0,0.0,0.6,1.0,0.3,0.0,False,0.0,0.0,False
ukvgnhakeyuon.ru,16,0.0,0.0,0.6,0.0,0.4,0.0,False,0.0,0.0,False
hlsgafabsduw.ru,15,0.0,0.0,0.5,1.0,0.3,0.0,False,0.0,0.0,False
ogytnflfhbkltvj.ru,18,0.0,0.0,0.6,0.0,0.3,0.0,False,4.0,4.0,False
iymrowiyejbqwjurvvqvi.to,24,0.0,0.0,0.5,0.0,0.5,0.0,False,2.0,0.0,False
gladtell.net,12,0.0,0.0,0.5,0.0,0.4,0.0,False,0.0,0.0,False
scavsnd.com,11,0.0,0.0,0.5,0.0,0.5,0.0,False,0.0,0.0,False
1o7g1g41d3dixkld85ej79ttj.org,29,1.0,0.0,0.6,0.0,0.3,0.0,False,0.0,0.0,False
thesethan.net,13,1.0,0.2,0.6,1.0,0.1,0.0,False,0.0,0.0,False
pydhmbmieeetpg.la,17,0.0,0.0,0.5,0.0,0.4,0.0,True,4.0,0.0,True
geprgfbkmsofoe.ru,17,0.0,0.0,0.5,0.0,0.4,0.0,True,4.0,0.0,True
wqiawmmxbwxlpue.ru,18,0.0,0.0,0.6,0.0,0.3,0.0,False,4.0,4.0,False
qjjqw7b9nfhkip0a9j1doyxup.com,29,1.0,0.0,0.6,0.0,0.3,0.0,False,0.0,0.0,False
1ut6f5pidlaafo7lfh4zxxr6a.net,29,1.0,0.0,0.6,0.0,0.3,0.0,False,0.0,0.0,False
nvthheizkzxfirtekjhucmrh.ru,27,2.0,0.1,0.6,1.0,0.2,0.0,False,0.0,0.0,False
swxaqfrhejkw.ru,15,0.0,0.0,0.5,1.0,0.3,0.0,False,0.0,0.0,False
scozusrtuohqgeuweynkniztt.ru,28,0.0,0.0,0.5,0.0,0.4,0.0,False,0.0,0.0,False
1ref2oscjiuqp1beedz31802b7a.com,31,0.0,0.0,0.6,1.0,0.3,0.0,False,0.0,0.0,False
skmrpgieytlfdguwsqkpusdqwkws.ru,31,0.0,0.0,0.6,1.0,0.3,0.0,False,0.0,0.0,False
tigawxghjbrlibk.ru,18,0.0,0.0,0.6,0.0,0.3,0.0,False,4.0,4.0,False
dxsmlaoalpei.ru,15,0.0,0.0,0.5,1.0,0.3,0.0,False,0.0,0.0,False
q7lse62nmqqx1hzjrnu1526vjs.com,30,0.0,0.0,0.5,0.0,0.4,0.0,True,0.0,0.0,True
nprkdpkaicucapx.ru,18,0.0,0.0,0.6,0.0,0.3,0.0,False,4.0,4.0,False
l5pcoi1o59oxurc3ctq7dwwvc.com,29,1.0,0.0,0.6,0.0,0.3,0.0,False,0.0,0.0,False
uqkgagrucjlbwgt.pw,18,0.0,0.0,0.6,0.0,0.3,0.0,False,4.0,4.0,False
293yn2rk3kqove8ogz10ncwe6.com,29,1.0,0.0,0.6,0.0,0.3,0.0,False,0.0,0.0,False
fyuffmdtcjyk.ru,15,0.0,0.0,0.5,1.0,0.3,0.0,False,0.0,0.0,False
pzyprkzamojkojwswkpvqkxfyjz.ru,30,0.0,0.0,0.5,0.0,0.4,0.0,True,0.0,0.0,True
15f8ks31711xut1nsvjht1t4g6aw.net,32,0.0,0.0,0.6,1.0,0.3,0.0,False,0.0,0.0,False
n46qwv195nsh8fesdpe16598m.org,29,1.0,0.0,0.6,0.0,0.3,0.0,False,0.0,0.0,False
1kousuv15guyhwgqcfkrntngny.biz,30,0.0,0.0,0.5,0.0,0.4,0.0,True,0.0,0.0,True
whjhuclnbdbveum.ru,18,0.0,0.0,0.6,0.0,0.3,0.0,False,4.0,4.0,False
dykh9tqq7d1224tjf9s3h5ox.org,28,0.0,0.0,0.5,0.0,0.4,0.0,False,0.0,0.0,False
ubtvpyrqqfpu.ru,15,0.0,0.0,0.5,1.0,0.3,0.0,False,0.0,0.0,False
6jymq1lsqupn7x30sump2foi.org,28,0.0,0.0,0.5,0.0,0.4,0.0,False,0.0,0.0,False
wzfjlmu2284bd8m3ac1tcjir3.com,29,1.0,0.0,0.6,0.0,0.3,0.0,False,0.0,0.0,False
rsevnuwebnewj.ru,16,0.0,0.0,0.6,0.0,0.4,0.0,False,0.0,0.0,False
nbqypaecbhmofff.ru,18,0.0,0.0,0.6,0.0,0.3,0.0,False,4.0,4.0,False
bvctaltusycxp.ru,16,0.0,0.0,0.6,0.0,0.4,0.0,False,0.0,0.0,False
kmvnyejmivkyr.ru,16,0.0,0.0,0.6,0.0,0.4,0.0,False,0.0,0.0,False
fsfhimbhaisfwg.ru,17,0.0,0.0,0.5,0.0,0.4,0.0,True,4.0,0.0,True
qlftfivcmjfjih.ru,17,0.0,0.0,0.5,0.0,0.4,0.0,True,4.0,0.0,True
dreamfine.net,13,1.0,0.2,0.6,1.0,0.1,0.0,False,0.0,0.0,False
vocmfurghpjzddizhztukeqxsizyp.ru,32,0.0,0.0,0.6,1.0,0.3,0.0,False,0.0,0.0,False
cfqhblay.in,11,0.0,0.0,0.5,0.0,0.5,0.0,False,0.0,0.0,False
shxbrphjfejhoie.ru,18,0.0,0.0,0.6,0.0,0.3,0.0,False,4.0,4.0,False
ktyrlcmniddb.org,16,0.0,0.0,0.6,0.0,0.4,0.0,False,0.0,0.0,False
madehear.net,12,0.0,0.0,0.5,0.0,0.4,0.0,False,0.0,0.0,False
dcdihoper.mu,12,0.0,0.0,0.5,0.0,0.4,0.0,False,0.0,0.0,False
nkrgltscydgpno.ru,17,0.0,0.0,0.5,0.0,0.4,0.0,True,4.0,0.0,True
ylostbljgeeg.sh,15,0.0,0.0,0.5,1.0,0.3,0.0,False,0.0,0.0,False
kcbs1z153smqwj3yj5l1n5901o.net,30,0.0,0.0,0.5,0.0,0.4,0.0,True,0.0,0.0,True
70ksmf1luxj9k1hj6ohswk8ur3.org,30,0.0,0.0,0.5,0.0,0.4,0.0,True,0.0,0.0,True
cbl4k0ooxomhf5mpqtzrup67.net,28,0.0,0.0,0.5,0.0,0.4,0.0,False,0.0,0.0,False
9l69mqihjk234attxu1y6guqb.net,29,1.0,0.0,0.6,0.0,0.3,0.0,False,0.0,0.0,False
oaivvoatyhsmk.ru,16,0.0,0.0,0.6,0.0,0.4,0.0,False,0.0,0.0,False
1xhtubm1ugkena13e3ffu1ygehhh.net,32,0.0,0.0,0.6,1.0,0.3,0.0,False,0.0,0.0,False
18xx2is10myj2m1xedh06o5qa00.com,31,0.0,0.0,0.6,1.0,0.3,0.0,False,0.0,0.0,False
iifhbvbogsqos.ru,16,0.0,0.0,0.6,0.0,0.4,0.0,False,0.0,0.0,False
1vedw84g82him147cu5lt3zdbe.net,30,0.0,0.0,0.5,0.0,0.4,0.0,True,0.0,0.0,True
iiihatygnoylqgstgow.net,23,0.0,0.0,0.6,0.0,0.3,0.0,False,0.0,0.0,False
18ejj7b18dc4fj14asq1hz9ntfb.org,31,0.0,0.0,0.6,1.0,0.3,0.0,False,0.0,0.0,False
kyjoakbrggph.ru,15,0.0,0.0,0.5,1.0,0.3,0.0,False,0.0,0.0,False
ovctkhboceltvp.ru,17,0.0,0.0,0.5,0.0,0.4,0.0,True,4.0,0.0,True
q9kkg61bafxopsv6s651od4xyz.net,30,0.0,0.0,0.5,0.0,0.4,0.0,True,0.0,0.0,True
yhupvlaojsawwn.ru,17,0.0,0.0,0.5,0.0,0.4,0.0,True,4.0,0.0,True
16tomlv1hxty88c649w119vjvi.org,30,0.0,0.0,0.5,0.0,0.4,0.0,True,0.0,0.0,True
tgpysmjrnastxy.ru,17,0.0,0.0,0.5,0.0,0.4,0.0,True,4.0,0.0,True
oituqatsiabc.ru,15,0.0,0.0,0.5,1.0,0.3,0.0,False,0.0,0.0,False
v1p803mrq9npe5aiy1xn6jst.net,28,0.0,0.0,0.5,0.0,0.4,0.0,False,0.0,0.0,False
emaqdkcuhmtdr.ru,16,0.0,0.0,0.6,0.0,0.4,0.0,False,0.0,0.0,False
fwtsoffnakjwhrif1v5gbj9r.net,28,0.0,0.0,0.5,0.0,0.4,0.0,False,0.0,0.0,False
ondebufehtqyemreqkpayd.ru,25,0.0,0.0,0.5,0.0,0.4,0.0,False,4.0,0.0,False
wronghurry.net,14,0.0,0.0,0.5,0.0,0.4,0.0,True,4.0,0.0,True
iyowdlsaytlbw.eu,16,0.0,0.0,0.6,0.0,0.4,0.0,False,0.0,0.0,False
13ysg27xy7g8bb0xejd4vv7dy.com,29,1.0,0.0,0.6,0.0,0.3,0.0,False,0.0,0.0,False
spplmbvurfmdec.biz,18,0.0,0.0,0.6,0.0,0.3,0.0,False,4.0,4.0,False
knowpeace.net,13,1.0,0.2,0.6,1.0,0.1,0.0,False,0.0,0.0,False
tipafafrje.nf,13,1.0,0.2,0.6,1.0,0.1,0.0,False,0.0,0.0,False
147fdv6mb9udy1c1w7ui1dlku41.com,31,0.0,0.0,0.6,1.0,0.3,0.0,False,0.0,0.0,False
casegreen.net,13,1.0,0.2,0.6,1.0,0.1,0.0,False,0.0,0.0,False
kjwbtmimkavxqlj.ru,18,0.0,0.0,0.6,0.0,0.3,0.0,False,4.0,4.0,False
hwdrilqsoyyc.ru,15,0.0,0.0,0.5,1.0,0.3,0.0,False,0.0,0.0,False
hfxhlufdummiii.ru,17,0.0,0.0,0.5,0.0,0.4,0.0,True,4.0,0.0,True
1ugdqjq1004a7u1dqa14q1cq5o0o.com,32,0.0,0.0,0.6,1.0,0.3,0.0,False,0.0,0.0,False
satvncibnp.tw,13,1.0,0.2,0.6,1.0,0.1,0.0,False,0.0,0.0,False
qmplxqdpuvdsy.ru,16,0.0,0.0,0.6,0.0,0.4,0.0,False,0.0,0.0,False
sqdqkffhovxp.ru,15,0.0,0.0,0.5,1.0,0.3,0.0,False,0.0,0.0,False
14lm8zdpwxoeudeki7v1cgycoc.biz,30,0.0,0.0,0.5,0.0,0.4,0.0,True,0.0,0.0,True
cenwdjhwvyvos.com,17,0.0,0.0,0.5,0.0,0.4,0.0,True,4.0,0.0,True
mhmcbwoowlwm.ru,15,0.0,0.0,0.5,1.0,0.3,0.0,False,0.0,0.0,False
ksxfqhqfuecimos.ru,18,0.0,0.0,0.6,0.0,0.3,0.0,False,4.0,4.0,False
1ljqsc1zzzve2187de2g1t4a5w1.biz,31,0.0,0.0,0.6,1.0,0.3,0.0,False,0.0,0.0,False
dabxgqvpkwfakt.ru,17,0.0,0.0,0.5,0.0,0.4,0.0,True,4.0,0.0,True
1683k0qn0d6m4j9xyruqbyrb0.net,29,1.0,0.0,0.6,0.0,0.3,0.0,False,0.0,0.0,False
1outjf911ov3by196mamuqxxlu7.org,31,0.0,0.0,0.6,1.0,0.3,0.0,False,0.0,0.0,False
ifxytvsbekzcesoduzhddylrwx.ru,29,1.0,0.0,0.6,0.0,0.3,0.0,False,0.0,0.0,False
yz8rni1lf9kukliodtuwu7a0i.net,29,1.0,0.0,0.6,0.0,0.3,0.0,False,0.0,0.0,False
cvgnrbiohoeoiep.ru,18,0.0,0.0,0.6,0.0,0.3,0.0,False,4.0,4.0,False
ocx5nwx51zksm4393318s5xzs.com,29,1.0,0.0,0.6,0.0,0.3,0.0,False,0.0,0.0,False
lvsjmalnoqkqpxg.co.uk,21,0.0,0.0,0.6,0.0,0.3,0.0,False,0.0,0.0,False
5df9d44072820ad6eaac91669f357fea.org,36,0.0,0.0,0.6,0.0,0.4,16.0,True,4.0,4.0,True
hfnribqgwomhvydfljhx.ru,23,0.0,0.0,0.6,0.0,0.3,0.0,False,0.0,0.0,False
ceqgxlcukdvld.ru,16,0.0,0.0,0.6,0.0,0.4,0.0,False,0.0,0.0,False
qyaayesxwqtss.ru,16,0.0,0.0,0.6,0.0,0.4,0.0,False,0.0,0.0,False
threethrow.net,14,0.0,0.0,0.5,0.0,0.4,0.0,True,4.0,0.0,True
tvepkbniytsskxw.ru,18,0.0,0.0,0.6,0.0,0.3,0.0,False,4.0,4.0,False
gjeovxbydjvxd.ru,16,0.0,0.0,0.6,0.0,0.4,0.0,False,0.0,0.0,False
hebmcaswqkvfmydwcnjozxgdqr.ru,29,1.0,0.0,0.6,0.0,0.3,0.0,False,0.0,0.0,False
14vx4fhgblgex1i29j7y1po9tj5.biz,31,0.0,0.0,0.6,1.0,0.3,0.0,False,0.0,0.0,False
zz11dcd347ja1sb0w9xkjo9kv.net,29,1.0,0.0,0.6,0.0,0.3,0.0,False,0.0,0.0,False
1na23r9xnoamwem5tq21somyyb.org,30,0.0,0.0,0.5,0.0,0.4,0.0,True,0.0,0.0,True
tcijxyldyhtkpjsglfxcuhitca.ru,29,1.0,0.0,0.6,0.0,0.3,0.0,False,0.0,0.0,False
ks3gaw180t062iv6sys1yochyz.com,30,0.0,0.0,0.5,0.0,0.4,0.0,True,0.0,0.0,True
moq25dcjl51e1trnhc71b00uw8.org,30,0.0,0.0,0.5,0.0,0.4,0.0,True,0.0,0.0,True
gerwhdfufafmcibgqswvgkzjbtcv.ru,31,0.0,0.0,0.6,1.0,0.3,0.0,False,0.0,0.0,False
1926pt174ph361rhuqstp97667.net,30,0.0,0.0,0.5,0.0,0.4,0.0,True,0.0,0.0,True
1a80hhm7verus1f1bq79n0069a.com,30,0.0,0.0,0.5,0.0,0.4,0.0,True,0.0,0.0,True
iaxvtbvmfqhhlh.ru,17,0.0,0.0,0.5,0.0,0.4,0.0,True,4.0,0.0,True
hillgold.net,12,0.0,0.0,0.5,0.0,0.4,0.0,False,0.0,0.0,False
dtuklqmmsuujgx.ru,17,0.0,0.0,0.5,0.0,0.4,0.0,True,4.0,0.0,True
1bay72x15ymods1hnc2w31q49tbs.com,32,0.0,0.0,0.6,1.0,0.3,0.0,False,0.0,0.0,False
ttmdnvvaytdrm.co.uk,19,0.0,0.0,0.6,1.0,0.3,0.0,False,4.0,0.0,True
xxxgoqtqbphyw.bz,16,0.0,0.0,0.6,0.0,0.4,0.0,False,0.0,0.0,False
whichback.net,13,1.0,0.2,0.6,1.0,0.1,0.0,False,0.0,0.0,False
1dw1bar1a42dlt1vspn1p1mfcgfi.org,32,0.0,0.0,0.6,1.0,0.3,0.0,False,0.0,0.0,False
mjlrlyyqyvpnsh.ru,17,0.0,0.0,0.5,0.0,0.4,0.0,True,4.0,0.0,True
aajscswijgwdqc.ru,17,0.0,0.0,0.5,0.0,0.4,0.0,True,4.0,0.0,True
bsqtseqxjsiqtpu.ru,18,0.0,0.0,0.6,0.0,0.3,0.0,False,4.0,4.0,False
pmnxdhmlamycmwn.ru,18,0.0,0.0,0.6,0.0,0.3,0.0,False,4.0,4.0,False
kvxhupvzpgmkrhrslcuvswbilj.ru,29,1.0,0.0,0.6,0.0,0.3,0.0,False,0.0,0.0,False
tblnfxxjibsfj.ru,16,0.0,0.0,0.6,0.0,0.4,0.0,False,0.0,0.0,False
milkjune.net,12,0.0,0.0,0.5,0.0,0.4,0.0,False,0.0,0.0,False
ya63ux1xwmgl5hrua2e11bzi9b.com,30,0.0,0.0,0.5,0.0,0.4,0.0,True,0.0,0.0,True
widlnjwxpceyie.ru,17,0.0,0.0,0.5,0.0,0.4,0.0,True,4.0,0.0,True
quickcloth.net,14,0.0,0.0,0.5,0.0,0.4,0.0,True,4.0,0.0,True
1nookqv15m95wmcvo5g7ext7xc.biz,30,0.0,0.0,0.5,0.0,0.4,0.0,True,0.0,0.0,True
gxpqgsovvjsj.biz,16,0.0,0.0,0.6,0.0,0.4,0.0,False,0.0,0.0,False
xtjuuspnvxrmls.ru,17,0.0,0.0,0.5,0.0,0.4,0.0,True,4.0,0.0,True
zbilldihijbmbdskhxkxsosij.ru,28,0.0,0.0,0.5,0.0,0.4,0.0,False,0.0,0.0,False
wwencfvdyiroyh.ru,17,0.0,0.0,0.5,0.0,0.4,0.0,True,4.0,0.0,True
srgr2qb7z63915pjsshnnolz1.com,29,1.0,0.0,0.6,0.0,0.3,0.0,False,0.0,0.0,False
hcrfeuindfgbwsh.ru,18,0.0,0.0,0.6,0.0,0.3,0.0,False,4.0,4.0,False
wtfuobvdpelksa.ru,17,0.0,0.0,0.5,0.0,0.4,0.0,True,4.0,0.0,True
167o12epfm06n1nyuhvp726apk.net,30,0.0,0.0,0.5,0.0,0.4,0.0,True,0.0,0.0,True
jivwtbjvsgepiuu.ru,18,0.0,0.0,0.6,0.0,0.3,0.0,False,4.0,4.0,False
mbcvowtsknukpzpxkaqbutqwtt.ru,29,1.0,0.0,0.6,0.0,0.3,0.0,False,0.0,0.0,False
cebvaonpwvfge.ru,16,0.0,0.0,0.6,0.0,0.4,0.0,False,0.0,0.0,False
nqfmpogprkrin.ru,16,0.0,0.0,0.6,0.0,0.4,0.0,False,0.0,0.0,False
gkrgjaesccydpob.ru,18,0.0,0.0,0.6,0.0,0.3,0.0,False,4.0,4.0,False
cuxuntrmtsacei.ru,17,0.0,0.0,0.5,0.0,0.4,0.0,True,4.0,0.0,True
hoxaqufwcxto.ru,15,0.0,0.0,0.5,1.0,0.3,0.0,False,0.0,0.0,False
lyrejwobosrjrkm.ru,18,0.0,0.0,0.6,0.0,0.3,0.0,False,4.0,4.0,False
jmqdmqiowkxymu.ru,17,0.0,0.0,0.5,0.0,0.4,0.0,True,4.0,0.0,True
hyutmkklpccj.ru,15,0.0,0.0,0.5,1.0,0.3,0.0,False,0.0,0.0,False
chhsmbbwdjkpsd.ru,17,0.0,0.0,0.5,0.0,0.4,0.0,True,4.0,0.0,True
vrolmiiiahuhs.biz,17,0.0,0.0,0.5,0.0,0.4,0.0,True,4.0,0.0,True
huavztzpqwcidswouwzxlwsrgnv.ru,30,0.0,0.0,0.5,0.0,0.4,0.0,True,0.0,0.0,True
glcruvpbykxacde.ru,18,0.0,0.0,0.6,0.0,0.3,0.0,False,4.0,4.0,False
txxpvonmeakwfp.ru,17,0.0,0.0,0.5,0.0,0.4,0.0,True,4.0,0.0,True
fj60m519ah7lt19pt6ry1t0yfeg.biz,31,0.0,0.0,0.6,1.0,0.3,0.0,False,0.0,0.0,False
monkufxasvjr.org,16,0.0,0.0,0.6,0.0,0.4,0.0,False,0.0,0.0,False
pal5kr1hhopfe4kesu14036d6.com,29,1.0,0.0,0.6,0.0,0.3,0.0,False,0.0,0.0,False
npmjqgwjcywf.ru,15,0.0,0.0,0.5,1.0,0.3,0.0,False,0.0,0.0,False
a7fd378e8e64200f13421e6135a06dce.org,36,0.0,0.0,0.6,0.0,0.4,16.0,True,4.0,4.0,True
aglpebmfkrfx.biz,16,0.0,0.0,0.6,0.0,0.4,0.0,False,0.0,0.0,False
tjcplcccmttep.biz,17,0.0,0.0,0.5,0.0,0.4,0.0,True,4.0,0.0,True
tbeeervgbjmfk.ru,16,0.0,0.0,0.6,0.0,0.4,0.0,False,0.0,0.0,False
sorgydheqsgulpkrxovgbaqauin.ru,30,0.0,0.0,0.5,0.0,0.4,0.0,True,0.0,0.0,True
mpy1hvrpmg5q1h5gzyg1hugdm7.com,30,0.0,0.0,0.5,0.0,0.4,0.0,True,0.0,0.0,True
wrongtear.net,13,1.0,0.2,0.6,1.0,0.1,0.0,False,0.0,0.0,False
iy4tv714p3su9qbr8tb1ui8xu3.org,30,0.0,0.0,0.5,0.0,0.4,0.0,True,0.0,0.0,True
fzhkbykonamlzdvwtgxobqkj.ru,27,2.0,0.1,0.6,1.0,0.2,0.0,False,0.0,0.0,False
darkthan.net,12,0.0,0.0,0.5,0.0,0.4,0.0,False,0.0,0.0,False
jiwnqrvbvdxlkrn.ru,18,0.0,0.0,0.6,0.0,0.3,0.0,False,4.0,4.0,False
123xqnm115jy1d15qaki1wv0c45.com,31,0.0,0.0,0.6,1.0,0.3,0.0,False,0.0,0.0,False
13v5dvyy0w2jv1klh5f44uyg5a.biz,30,0.0,0.0,0.5,0.0,0.4,0.0,True,0.0,0.0,True
itvgggscpheag.ru,16,0.0,0.0,0.6,0.0,0.4,0.0,False,0.0,0.0,False
ncrnms1aiaen9bbtf8m17qvj1y.org,30,0.0,0.0,0.5,0.0,0.4,0.0,True,0.0,0.0,True
hmyxzhnfhvwwsfaovdgmldef.ru,27,2.0,0.1,0.6,1.0,0.2,0.0,False,0.0,0.0,False
ldlpkpbdjelp.net,16,0.0,0.0,0.6,0.0,0.4,0.0,False,0.0,0.0,False
j967zk1wd2t011lbzaqo1rr6sqq.org,31,0.0,0.0,0.6,1.0,0.3,0.0,False,0.0,0.0,False
lvmrprvyjfsnp.ru,16,0.0,0.0,0.6,0.0,0.4,0.0,False,0.0,0.0,False
yconxhvhehnjhv.ru,17,0.0,0.0,0.5,0.0,0.4,0.0,True,4.0,0.0,True
diya65fzfiv43x8ks5190wyw1.org,29,1.0,0.0,0.6,0.0,0.3,0.0,False,0.0,0.0,False
equalaugust.net,15,0.0,0.0,0.5,1.0,0.3,0.0,False,0.0,0.0,False
5ex9a814fm2jwyg8mxgpenwvh.biz,29,1.0,0.0,0.6,0.0,0.3,0.0,False,0.0,0.0,False
whichcompe.net,14,0.0,0.0,0.5,0.0,0.4,0.0,True,4.0,0.0,True
yepwhhkwqnxl.ru,15,0.0,0.0,0.5,1.0,0.3,0.0,False,0.0,0.0,False
wrongoctober.net,16,0.0,0.0,0.6,0.0,0.4,0.0,False,0.0,0.0,False
byxtbdnakvhghf.ru,17,0.0,0.0,0.5,0.0,0.4,0.0,True,4.0,0.0,True
hntfarwlevtcxm.ru,17,0.0,0.0,0.5,0.0,0.4,0.0,True,4.0,0.0,True
cmjctlbohgbb.ru,15,0.0,0.0,0.5,1.0,0.3,0.0,False,0.0,0.0,False
udncwcsbwcwi.ru,15,0.0,0.0,0.5,1.0,0.3,0.0,False,0.0,0.0,False
af6gpn14wma2219zj3c21l95tdp.biz,31,0.0,0.0,0.6,1.0,0.3,0.0,False,0.0,0.0,False
r6btuj1czimfxxo48ox1d05nuv.net,30,0.0,0.0,0.5,0.0,0.4,0.0,True,0.0,0.0,True
jljwkfhwbbbi.ru,15,0.0,0.0,0.5,1.0,0.3,0.0,False,0.0,0.0,False
iwxyfwrbnxob.biz,16,0.0,0.0,0.6,0.0,0.4,0.0,False,0.0,0.0,False
vcxngxswwijuig.org,18,0.0,0.0,0.6,0.0,0.3,0.0,False,4.0,4.0,False
wqwpnnfnvjvykhv.ru,18,0.0,0.0,0.6,0.0,0.3,0.0,False,4.0,4.0,False
dd82f8a0b2b6520e2706f704ba2a289a.org,36,0.0,0.0,0.6,0.0,0.4,16.0,True,4.0,4.0,True
songfloor.net,13,1.0,0.2,0.6,1.0,0.1,0.0,False,0.0,0.0,False
escuklcnxdflryv.ru,18,0.0,0.0,0.6,0.0,0.3,0.0,False,4.0,4.0,False
smjdbxncmispja.com,18,0.0,0.0,0.6,0.0,0.3,0.0,False,4.0,4.0,False
inlkfnwybslqndyilrehj.cm,24,0.0,0.0,0.5,0.0,0.5,0.0,False,2.0,0.0,False
rggooenfnealp.org,17,0.0,0.0,0.5,0.0,0.4,0.0,True,4.0,0.0,True
vqbmoxbsfgmu.net,16,0.0,0.0,0.6,0.0,0.4,0.0,False,0.0,0.0,False
eroqrmgifxqcv.ru,16,0.0,0.0,0.6,0.0,0.4,0.0,False,0.0,0.0,False
xalgjkctfswa.ru,15,0.0,0.0,0.5,1.0,0.3,0.0,False,0.0,0.0,False
555fzex4z05zb0ssw9962107.net,28,0.0,0.0,0.5,0.0,0.4,0.0,False,0.0,0.0,False
qukgmyukicmd.ru,15,0.0,0.0,0.5,1.0,0.3,0.0,False,0.0,0.0,False
adwditxbmcbmup.ru,17,0.0,0.0,0.5,0.0,0.4,0.0,True,4.0,0.0,True
gpqhogwqutker.ru,16,0.0,0.0,0.6,0.0,0.4,0.0,False,0.0,0.0,False
spendwhere.net,14,0.0,0.0,0.5,0.0,0.4,0.0,True,4.0,0.0,True
cf9sn110vldk11m87gxdtf36am.net,30,0.0,0.0,0.5,0.0,0.4,0.0,True,0.0,0.0,True
exonxoxplofb.ru,15,0.0,0.0,0.5,1.0,0.3,0.0,False,0.0,0.0,False
hangseven.net,13,1.0,0.2,0.6,1.0,0.1,0.0,False,0.0,0.0,False
wwzcdg1txqmucsf7liuj1lntg.net,29,1.0,0.0,0.6,0.0,0.3,0.0,False,0.0,0.0,False
btbvwtbhryyco.ru,16,0.0,0.0,0.6,0.0,0.4,0.0,False,0.0,0.0,False
xepriibvuahxcgrhud.bit,22,0.0,0.0,0.5,0.0,0.4,0.0,False,0.0,0.0,False
fwmxcdinvoutpn.org,18,0.0,0.0,0.6,0.0,0.3,0.0,False,4.0,4.0,False
drinkgrow.net,13,1.0,0.2,0.6,1.0,0.1,0.0,False,0.0,0.0,False
whichsuch.net,13,1.0,0.2,0.6,1.0,0.1,0.0,False,0.0,0.0,False
thenought.net,13,1.0,0.2,0.6,1.0,0.1,0.0,False,0.0,0.0,False
1ey4kgwfgbjyi1s0vtzo1n8u303.org,31,0.0,0.0,0.6,1.0,0.3,0.0,False,0.0,0.0,False
aagmku11m57sd137aczv1s0onrg.com,31,0.0,0.0,0.6,1.0,0.3,0.0,False,0.0,0.0,False
13zg9oi1l6l54a180n8zb1k09c5c.org,32,0.0,0.0,0.6,1.0,0.3,0.0,False,0.0,0.0,False
djqdwchhuxewpmy.ru,18,0.0,0.0,0.6,0.0,0.3,0.0,False,4.0,4.0,False
lpukkpsyacfcc.ru,16,0.0,0.0,0.6,0.0,0.4,0.0,False,0.0,0.0,False
b7do2auz9tgcsk1gfk9clpl9.org,28,0.0,0.0,0.5,0.0,0.4,0.0,False,0.0,0.0,False
wishmarry.net,13,1.0,0.2,0.6,1.0,0.1,0.0,False,0.0,0.0,False
tnfuteuuoskkrbyrkbezyhvkiv.ru,29,1.0,0.0,0.6,0.0,0.3,0.0,False,0.0,0.0,False
1rat3ent82pom6rysqd9929mw.org,29,1.0,0.0,0.6,0.0,0.3,0.0,False,0.0,0.0,False
u4roynrf6wow1otresxxnf94c.com,29,1.0,0.0,0.6,0.0,0.3,0.0,False,0.0,0.0,False
nohthuqmkkpwyy.ru,17,0.0,0.0,0.5,0.0,0.4,0.0,True,4.0,0.0,True
fvfacvrndmnspxa.ru,18,0.0,0.0,0.6,0.0,0.3,0.0,False,4.0,4.0,False
biudxepfkbtgfc.ru,17,0.0,0.0,0.5,0.0,0.4,0.0,True,4.0,0.0,True
dglimiuufsgpp.sx,16,0.0,0.0,0.6,0.0,0.4,0.0,False,0.0,0.0,False
1a1uy4f1fyml5uvj0yn10mpfy0.net,30,0.0,0.0,0.5,0.0,0.4,0.0,True,0.0,0.0,True
1huxngv1m5phm0ue7erfeu2syq.net,30,0.0,0.0,0.5,0.0,0.4,0.0,True,0.0,0.0,True
luhtixxgggquvwq.ru,18,0.0,0.0,0.6,0.0,0.3,0.0,False,4.0,4.0,False
wletqmsquxfbqm.co.uk,20,0.0,0.0,0.6,0.0,0.3,0.0,False,0.0,0.0,False
qhc3bsruqef3kvny5a15228ri.com,29,1.0,0.0,0.6,0.0,0.3,0.0,False,0.0,0.0,False
tchtxrmbaiyshu.ru,17,0.0,0.0,0.5,0.0,0.4,0.0,True,4.0,0.0,True
dgaqqdlegots.info,17,0.0,0.0,0.5,0.0,0.4,0.0,True,4.0,0.0,True
1618ms4hqjjppyfk5he1y4tsoo.com,30,0.0,0.0,0.5,0.0,0.4,0.0,True,0.0,0.0,True
6rv0nd1o3r4p05upe4rp9ayj5.com,29,1.0,0.0,0.6,0.0,0.3,0.0,False,0.0,0.0,False
oigrlpyqinppq.ru,16,0.0,0.0,0.6,0.0,0.4,0.0,False,0.0,0.0,False
dqugeycrtqfvab.net,18,0.0,0.0,0.6,0.0,0.3,0.0,False,4.0,4.0,False
hvumsuamsghsl.ru,16,0.0,0.0,0.6,0.0,0.4,0.0,False,0.0,0.0,False
sbjlmwwpkihev.ru,16,0.0,0.0,0.6,0.0,0.4,0.0,False,0.0,0.0,False
groupback.net,13,1.0,0.2,0.6,1.0,0.1,0.0,False,0.0,0.0,False
mmsxnpjeqxykh.ru,16,0.0,0.0,0.6,0.0,0.4,0.0,False,0.0,0.0,False
yardgift.net,12,0.0,0.0,0.5,0.0,0.4,0.0,False,0.0,0.0,False
emytboyacuairfc.com,19,0.0,0.0,0.6,1.0,0.3,0.0,False,4.0,0.0,True
kbtkcyeolxanaww.ru,18,0.0,0.0,0.6,0.0,0.3,0.0,False,4.0,4.0,False
08c9bb43ca6555de477ec262b078cb91.org,36,0.0,0.0,0.6,0.0,0.4,16.0,True,4.0,4.0,True
opnlyvikwugax.biz,17,0.0,0.0,0.5,0.0,0.4,0.0,True,4.0,0.0,True
tdmddipopqn.co,14,0.0,0.0,0.5,0.0,0.4,0.0,True,4.0,0.0,True
yaallipovalmv.ru,16,0.0,0.0,0.6,0.0,0.4,0.0,False,0.0,0.0,False
1hlyrz7m37wjh35dwko54f8ml.net,29,1.0,0.0,0.6,0.0,0.3,0.0,False,0.0,0.0,False
1ee0vyg1oazw8gwal7cmbyh23w.com,30,0.0,0.0,0.5,0.0,0.4,0.0,True,0.0,0.0,True
leabbehheihnage.ru,18,0.0,0.0,0.6,0.0,0.3,0.0,False,4.0,4.0,False
tomtiaohgjxqoa.info,19,0.0,0.0,0.6,1.0,0.3,0.0,False,4.0,0.0,True
tavtcctn.bit,12,0.0,0.0,0.5,0.0,0.4,0.0,False,0.0,0.0,False
lggnrskpvrtwa.ru,16,0.0,0.0,0.6,0.0,0.4,0.0,False,0.0,0.0,False
lbcdrnjjroebd.eu,16,0.0,0.0,0.6,0.0,0.4,0.0,False,0.0,0.0,False
ymjvgtguaqbf.biz,16,0.0,0.0,0.6,0.0,0.4,0.0,False,0.0,0.0,False
83da9e9c4491ea09a9b179199b31258f.org,36,0.0,0.0,0.6,0.0,0.4,16.0,True,4.0,4.0,True
xdrulrwtgqpkuob.ru,18,0.0,0.0,0.6,0.0,0.3,0.0,False,4.0,4.0,False
dyecvqysuuoi.info,17,0.0,0.0,0.5,0.0,0.4,0.0,True,4.0,0.0,True
wkxkhlnuinykm.ru,16,0.0,0.0,0.6,0.0,0.4,0.0,False,0.0,0.0,False
dutywrote.net,13,1.0,0.2,0.6,1.0,0.1,0.0,False,0.0,0.0,False
jawcitakmcwq.ru,15,0.0,0.0,0.5,1.0,0.3,0.0,False,0.0,0.0,False
qdipvltnapvvohw.ac,18,0.0,0.0,0.6,0.0,0.3,0.0,False,4.0,4.0,False
gmnmvibnbpfagm.ru,17,0.0,0.0,0.5,0.0,0.4,0.0,True,4.0,0.0,True
ek4mjf1wuwgei5zmf2cqb7rd6.net,29,1.0,0.0,0.6,0.0,0.3,0.0,False,0.0,0.0,False
mcaorfjfmpeasi.ru,17,0.0,0.0,0.5,0.0,0.4,0.0,True,4.0,0.0,True
16zoupsd1r6fm15o0v2c1hym15s.com,31,0.0,0.0,0.6,1.0,0.3,0.0,False,0.0,0.0,False
psrejdklojmhiyf.org,19,0.0,0.0,0.6,1.0,0.3,0.0,False,4.0,0.0,True
iuhruawspayf.ru,15,0.0,0.0,0.5,1.0,0.3,0.0,False,0.0,0.0,False
kemrojrcnxyvbpiienadv.ir,24,0.0,0.0,0.5,0.0,0.5,0.0,False,2.0,0.0,False
joinaunt.net,12,0.0,0.0,0.5,0.0,0.4,0.0,False,0.0,0.0,False
oluujqtebfbmx.ru,16,0.0,0.0,0.6,0.0,0.4,0.0,False,0.0,0.0,False
wuharipkgqkso.ru,16,0.0,0.0,0.6,0.0,0.4,0.0,False,0.0,0.0,False
qubwrhp.ga,10,0.0,0.0,0.5,0.0,0.4,0.0,False,0.0,0.0,False
1rg8i37ckbajw3b3qpm1qccp0e.com,30,0.0,0.0,0.5,0.0,0.4,0.0,True,0.0,0.0,True
pfofjfpccrfd.ru,15,0.0,0.0,0.5,1.0,0.3,0.0,False,0.0,0.0,False
1y9r53a1dtr0bznol6if3det6n.net,30,0.0,0.0,0.5,0.0,0.4,0.0,True,0.0,0.0,True
joinrest.net,12,0.0,0.0,0.5,0.0,0.4,0.0,False,0.0,0.0,False
takenlift.net,13,1.0,0.2,0.6,1.0,0.1,0.0,False,0.0,0.0,False
2fbzns1bo41wl1gknwn18v5hmg.org,30,0.0,0.0,0.5,0.0,0.4,0.0,True,0.0,0.0,True
audyg617pq9x41rdb0gh1ftr8e7.net,31,0.0,0.0,0.6,1.0,0.3,0.0,False,0.0,0.0,False
ohsvdaayvomp.info,17,0.0,0.0,0.5,0.0,0.4,0.0,True,4.0,0.0,True
kbcejbpbduxyxrcqzxlxwdwclrqk.ru,31,0.0,0.0,0.6,1.0,0.3,0.0,False,0.0,0.0,False
bgcyukdkspsf.ru,15,0.0,0.0,0.5,1.0,0.3,0.0,False,0.0,0.0,False
dbmmsjlggdrwxhu.ru,18,0.0,0.0,0.6,0.0,0.3,0.0,False,4.0,4.0,False
tucpixwfxyudn.info,18,0.0,0.0,0.6,0.0,0.3,0.0,False,4.0,4.0,False
caseborn.net,12,0.0,0.0,0.5,0.0,0.4,0.0,False,0.0,0.0,False
1xdaf417arul6qmyimcn2qoki.com,29,1.0,0.0,0.6,0.0,0.3,0.0,False,0.0,0.0,False
rg9kgq8yg5e51hddrnbh2hrkd.com,29,1.0,0.0,0.6,0.0,0.3,0.0,False,0.0,0.0,False
qfxvynmchquooh.org,18,0.0,0.0,0.6,0.0,0.3,0.0,False,4.0,4.0,False
yqfe9t8dd4991dd8cn71pglyq5.biz,30,0.0,0.0,0.5,0.0,0.4,0.0,True,0.0,0.0,True
aiwrsrwfxinns.co.uk,19,0.0,0.0,0.6,1.0,0.3,0.0,False,4.0,0.0,True
xwlfjhbuvdqsjo.com,18,0.0,0.0,0.6,0.0,0.3,0.0,False,4.0,4.0,False
vdntfvyiveke.ru,15,0.0,0.0,0.5,1.0,0.3,0.0,False,0.0,0.0,False
inpjxuaicklmpu.ru,17,0.0,0.0,0.5,0.0,0.4,0.0,True,4.0,0.0,True
v5zwkw1vlncjt11upaqi9h1bpg.org,30,0.0,0.0,0.5,0.0,0.4,0.0,True,0.0,0.0,True
k0h2lq17wilhsb1brmu1r4z8hy.com,30,0.0,0.0,0.5,0.0,0.4,0.0,True,0.0,0.0,True
bgqthdwjiqs.ug,14,0.0,0.0,0.5,0.0,0.4,0.0,True,4.0,0.0,True
sqciodqbbuvush.ru,17,0.0,0.0,0.5,0.0,0.4,0.0,True,4.0,0.0,True
feltgold.net,12,0.0,0.0,0.5,0.0,0.4,0.0,False,0.0,0.0,False
triedking.net,13,1.0,0.2,0.6,1.0,0.1,0.0,False,0.0,0.0,False
npgyrulwrymdbc.ru,17,0.0,0.0,0.5,0.0,0.4,0.0,True,4.0,0.0,True
bwgvmskrenos.ru,15,0.0,0.0,0.5,1.0,0.3,0.0,False,0.0,0.0,False
n6k5ri14usqw7sfwt4nwvynob.net,29,1.0,0.0,0.6,0.0,0.3,0.0,False,0.0,0.0,False
1a52rbte68jhd9hs1g611q9nj4.net,30,0.0,0.0,0.5,0.0,0.4,0.0,True,0.0,0.0,True
kelprncnjjytmvv.ru,18,0.0,0.0,0.6,0.0,0.3,0.0,False,4.0,4.0,False
oxmbcllloclg.ru,15,0.0,0.0,0.5,1.0,0.3,0.0,False,0.0,0.0,False
fejwiwrxbhqes.ru,16,0.0,0.0,0.6,0.0,0.4,0.0,False,0.0,0.0,False
llttaifqwwku.ru,15,0.0,0.0,0.5,1.0,0.3,0.0,False,0.0,0.0,False
z74xsjfot2yc19fy7651wsu8ev.biz,30,0.0,0.0,0.5,0.0,0.4,0.0,True,0.0,0.0,True
lbrwlwcgybaphxlbmtstcu.ru,25,0.0,0.0,0.5,0.0,0.4,0.0,False,4.0,0.0,False
evcjmfwftierti.net,18,0.0,0.0,0.6,0.0,0.3,0.0,False,4.0,4.0,False
qcwssdggxyyuwa.net,18,0.0,0.0,0.6,0.0,0.3,0.0,False,4.0,4.0,False
nlmyrqwxcxyfyrl.ru,18,0.0,0.0,0.6,0.0,0.3,0.0,False,4.0,4.0,False
yeygsqrrthcitrk.ru,18,0.0,0.0,0.6,0.0,0.3,0.0,False,4.0,4.0,False
d2950e8ce99955c359ed9ee1e1ec03b4.org,36,0.0,0.0,0.6,0.0,0.4,16.0,True,4.0,4.0,True
1icmok41nk5pi13davsj10tn79n.biz,31,0.0,0.0,0.6,1.0,0.3,0.0,False,0.0,0.0,False
ojgmlwoqafapw.ru,16,0.0,0.0,0.6,0.0,0.4,0.0,False,0.0,0.0,False
42f7dad2066e1cb41d347c685d1d880a.org,36,0.0,0.0,0.6,0.0,0.4,16.0,True,4.0,4.0,True
iajaskotrnraof.ru,17,0.0,0.0,0.5,0.0,0.4,0.0,True,4.0,0.0,True
ridujtwiguul.ru,15,0.0,0.0,0.5,1.0,0.3,0.0,False,0.0,0.0,False
iviablgpkijdpfc.ru,18,0.0,0.0,0.6,0.0,0.3,0.0,False,4.0,4.0,False
1je66qw1mbe6mqmrjwxgu1tlad.com,30,0.0,0.0,0.5,0.0,0.4,0.0,True,0.0,0.0,True
nfhxdcioxgnpghe.biz,19,0.0,0.0,0.6,1.0,0.3,0.0,False,4.0,0.0,True
msyaktbkpslbhs.ru,17,0.0,0.0,0.5,0.0,0.4,0.0,True,4.0,0.0,True
tkoyhefrliajt.ru,16,0.0,0.0,0.6,0.0,0.4,0.0,False,0.0,0.0,False
rakcocpljcjpgxt.biz,19,0.0,0.0,0.6,1.0,0.3,0.0,False,4.0,0.0,True
nqv3eohim99n839z3gpc43r3.com,28,0.0,0.0,0.5,0.0,0.4,0.0,False,0.0,0.0,False
wsmjcmhynfhjbobdheknkvwhycy.ru,30,0.0,0.0,0.5,0.0,0.4,0.0,True,0.0,0.0,True
